Country,Revenue,Quantity
Australia,21000.06,6900
Austria,17426.03,6726
Bahrain,2266.95,807
Belgium,53077.85,20881
Bermuda,649.3,246
Brazil,961.66,328
Canada,3533.18,1631
Channel Islands,27061.61,8938
Cyprus,18974.45,6004
Czech Republic,246.3,74
Denmark,11825.83,4229
EIRE,289571.5,102278
European Community,1164.55,353
Finland,20166.38,6717
France,216885.43,88850
Germany,280245.511,111561
Greece,14851.11,4685
Hong Kong,6496.9400000000005,2172
Iceland,3578.67,1567
Israel,6123.59,1982
Italy,25281.66,9063
Japan,2302.83,883
Korea,573.38,274
Lebanon,1852.71,433
Lithuania,3483.4,1280
Malta,4646.19,1843
Netherlands,40740.07,13254
Nigeria,106.19,29
Norway,17175.2,7287
Poland,7962.56,3502
Portugal,38029.090000000004,15493
RSA,2144.19,1005
Saudi Arabia,131.17,75
Singapore,7482.43,2212
Spain,56150.95,21099
Sweden,16157.4,5975
Switzerland,54957.22,19517
Thailand,1023.7,452
USA,3977.74,1452
United Arab Emirates,7118.610000000001,2789
United Kingdom,9532612.707,3712129
Unspecified,6939.6900000000005,3368
West Indies,441.76,262
