Year,Month,Revenue,Quantity
2009,12,477035.63,158133
2010,1,329664.352,117488
2010,2,305221.016,115424
2010,3,439676.791,164001
2010,4,371755.462,142183
2010,5,377838.73,140787
2010,6,412214.02,156198
2010,7,359521.5,141109
2010,8,341627.02,138826
2010,9,466119.331,187414
2010,10,628728.0,245187
2010,11,796051.382,295298
2010,12,430246.59,147713
2011,1,321424.38,134011
2011,2,291163.01,110987
2011,3,388951.39,147260
2011,4,313110.841,122015
2011,5,413162.2,161850
2011,6,342934.47,149704
2011,7,379890.881,158285
2011,8,384466.07,157241
2011,9,547796.692,224154
2011,10,620922.52,254060
2011,11,843399.49,331433
2011,12,244475.98,99844
