StockCode,Revenue,Quantity
10002,1743.79,1924
10002R,20.57,4
10080,62.989999999999995,145
10109,1.68,4
10120,54.54,244
10123C,166.75,236
10123G,33.08,43
10124A,24.36,58
10124G,14.28,33
10125,1189.28,1433
10133,1528.55,2338
10134,358.83,285
10135,2807.42,2303
10138,69.64,163
11001,3542.7,2106
15030,56.26,194
15034,241.9,713
15036,4969.24,5193
15039,1524.11,1459
15044A,2814.1000000000004,887
15044B,2029.9800000000002,645
15044C,2314.61,688
15044D,2651.6000000000004,849
15056BL,17940.15,3030
15056N,22217.800000000003,3533
15056P,6482.92,1095
15056bl,1456.3200000000002,116
15056n,2170.4,173
15056p,577.84,46
15058A,3032.98,459
15058B,3128.17,396
15058C,2492.92,406
15059A,52.0,4
15060B,6048.76,1284
15060b,41.81,5
16008,47.46,259
16010,3.84,32
16011,35.07,167
16012,8.61,41
16014,273.3,665
16015,276.1,569
16016,743.6,884
16020C,112.08999999999999,133
16033,0.12,1
16043,2.94,7
16044,0.42,1
16045,1.44,12
16046,176.57,177
16047,99.46,96
16048,44.58,77
16049,17.6,25
16050,21.450000000000003,51
16051,2.4899999999999998,3
16052,32.39,39
16053,3.1500000000000004,15
16054,5.64,22
16119,38.75,31
16151A,18.75,9
16161P,0.42,1
16161U,0.42,1
16162L,60.190000000000005,85
16162M,36.96,88
16168M,163.66,290
16168S,15.409999999999998,45
16169E,5.46,13
16169M,4.2,10
16192,12.899999999999999,3
16201A,139.26999999999998,63
16201B,81.1,34
16202A,141.65,38
16202B,226.39999999999998,63
16202C,175.98999999999998,69
16202E,157.18,81
16206B,86.4,72
16207A,423.53000000000003,143
16207B,232.65,85
16212,146.61,150
16215,5.2,8
16216,79.24000000000001,478
16218,100.23,324
16219,185.63,465
16225,674.78,488
16235,441.33,1545
16236,146.76,499
16237,405.52,1282
16238,152.91,484
16239,132.17000000000002,59
16243B,42.02,7
16244A,216.16,51
16244B,189.76999999999998,50
16245A,13.75,11
16248B,41.25,33
16254,89.66,77
16256B,30.75,44
16256C,20.580000000000002,49
16258A,140.79,306
16258B,7.36,22
16259,10.73,87
17001,4.93,17
17003,86.99999999999999,743
17007B,71.4,34
17011A,56.86000000000001,20
17011B,11.100000000000001,19
17011C,4.3,1
17011D,10.9,17
17011F,133.4,73
17012A,345.36,174
17012B,427.04999999999995,193
17012C,448.79999999999995,256
17012D,413.91999999999996,232
17012E,121.58999999999999,47
17012F,383.05,226
17013B,3.43,1
17013D,180.95,113
17013F,9.899999999999999,6
17014A,80.42999999999999,67
17014C,3.43,1
17014D,16.68,7
17014E,9.899999999999999,6
17014F,6.6,4
17021,127.79999999999998,426
17028J,2.52,6
17033,31.029999999999998,107
17038,32.51,69
17039,41.03,122
17084A,3.5700000000000003,17
17084J,1.26,6
17084N,142.01,343
17084P,38.71,91
17084R,1.05,5
17090A,121.45,101
17090D,105.2,88
17091A,404.73,345
17091B,225.18,168
17091F,27.71,19
17091J,488.61,473
17096,47.62,141
17107D,798.15,313
17108D,78.54,187
17109A,42.25,25
17109B,42.3,24
17109C,27.04,16
17109D,118.3,80
17129C,11.9,14
17129D,224.35999999999999,166
17129F,903.6399999999999,592
17136A,6.1,47
17164B,109.2,260
17164D,34.44,82
17165B,332.40000000000003,320
17165D,411.15000000000003,395
17174,5.04,12
17178,105.0,84
17181,459.06,137
17191A,123.75,33
18007,71.03999999999999,311
18010,20.08,40
18094C,558.61,384
18096C,174.5,57
18096c,41.14,8
18097A,43.349999999999994,17
18097B,17.849999999999998,7
18097C,2322.3199999999997,871
18098A,5.9,2
18098B,8.850000000000001,3
18098C,2615.53,863
18098c,1479.61,292
20615,992.8100000000001,537
20616,413.26,235
20617,604.59,274
20618,648.54,297
20619,875.4200000000001,406
20620,61.76,15
20621,241.67000000000002,107
20622,735.59,310
20652,804.34,649
20653,258.77,204
20654,445.41,350
20655,608.48,414
20657,376.37,311
20658,2028.86,1406
20659,533.51,369
20660,88.75,71
20661,718.76,244
20662,369.33000000000004,128
20663,190.56,71
20664,155.41,57
20665,4020.3400000000006,1255
20666,276.45000000000005,111
20667,108.69,40
20668,158.94,596
20669,1006.89,713
20670,241.45000000000002,82
20671,872.4,642
20672,201.0,138
20673,6.25,5
20674,3118.08,2329
20675,4784.46,3477
20676,7024.28,5035
20677,5382.55,3778
20678,6.6,4
20679,16021.320000000002,2642
20680,19.5,6
20681,4084.4,1170
20682,7776.31,2246
20683,3.25,1
20684,1708.56,508
20685,47284.840000000004,6316
20686,1821.84,534
20688,97.1,20
20689,392.7,57
20692,1649.26,366
20693,157.64000000000001,32
20694,525.97,138
20695,497.58,114
20696,617.9399999999999,151
20697,96.6,40
20698,114.44999999999999,47
20699,797.9599999999999,294
20700,787.55,154
20701,391.49,89
20702,2979.95,699
20703,1870.22,442
20704,1108.02,269
20705,758.64,184
20707,725.89,646
20711,13271.53,5722
20712,19428.43,8138
20713,17034.8,7501
20714,79.82,80
20716,1698.49,1332
20717,5159.78,3852
20718,10252.29,7148
20719,9858.5,10120
20721,0.85,1
20723,8858.13,8654
20724,13231.22,14010
20725,37202.659999999996,20525
20726,24704.59,13017
20727,28096.97,15113
20728,26522.85,14159
20729,807.49,693
20730,580.1999999999999,570
20731,280.17,207
20733,825.5,1037
20734,691.93,593
20735,917.39,685
20736,102.0,120
20737,1.7,1
20738,406.02,466
20739,8.65,1
20747,6075.17,436
20748,6313.650000000001,661
20749,17182.56,2291
20750,20695.88,2719
20751,4820.320000000001,2224
20752,2354.3,1041
20753,454.40000000000003,192
20754,7000.64,3087
20755,422.53,489
20756,169.95999999999998,208
20757,208.64999999999998,250
20758,288.37,348
20759,178.93,221
20760,237.26,294
20761,1193.06,326
20762,1024.39,302
20763,533.46,183
20764,1626.56,465
20765,1031.91,309
20766,1229.07,362
20767,1329.56,553
20768,1048.1899999999998,455
20769,490.21,222
20770,1412.6899999999998,615
20771,1018.9799999999999,456
20772,1233.58,598
20773,506.3299999999999,298
20774,480.83,283
20775,422.53999999999996,244
20776,376.65999999999997,218
20777,645.75,377
20778,395.80999999999995,224
20779,-14.790000000000001,-3
20780,1049.47,170
20781,546.99,97
20782,957.05,148
20783,723.38,95
20784,3530.92,100
20785,3632.4,101
20786,3454.0,97
20787,2535.1,69
20791,0.0,0
20793,304.75,36
20794,545.12,194
20795,233.16000000000003,92
20796,182.15999999999997,99
20798,903.0,321
20799,242.67000000000002,88
20800,55.959999999999994,13
20801,1090.08,716
20802,1179.87,593
20803,538.76,339
20804,370.51,181
20812,12.75,5
20814,40.0,32
20816,89.85,19
20818,238.5,63
20819,511.49,132
20820,54.45,11
20821,217.12,28
20822,0.0,0
20823,197.35000000000002,57
20825,93.53999999999999,19
20826,90.68,55
20827,79.52000000000001,53
20828,6823.879999999999,2491
20829,4989.29,2266
20830,855.69,300
20831,732.24,300
20832,349.88,388
20833,455.85,27
20835,87.02,80
20836,204.64,200
20837,188.07,165
20838,504.6,374
20839,997.71,609
20840,767.64,534
20845,502.27,76
20846,1489.59,1091
20847,326.73,79
20848,115.05000000000001,39
20849,199.43,50
20850,365.80000000000007,124
20851,273.67,45
20854,580.67,351
20855,193.04999999999998,117
20856,655.9399999999999,397
20857,409.2,248
20858,6.6,4
20860,42.0,20
20861,96.60000000000001,46
20862,177.21,75
20863,252.54000000000002,111
20864,151.31,70
20865,151.5,69
20866,955.51,764
20867,784.14,642
20868,164.62,217
20869,170.44,205
20870,50.1,28
20871,863.85,383
20877,5.04,12
20878,529.87,377
20879,67.8,57
20881,2.55,3
20882,8.850000000000001,3
20884,6.300000000000001,3
20885,0.0,0
20886,2560.72,1215
20887,118.39,18
20888,127.74000000000001,31
20889,88.64000000000001,29
20890,22.62,5
20891,32.03,3
20892,889.1999999999999,81
20893,572.24,209
20894,718.6,225
20895,47.20000000000001,16
20896,115.05000000000001,39
20897,503.25000000000006,144
20898,466.22,153
20899,129.8,44
20901,793.88,89
20902,1345.22,158
20903,773.05,114
20905,63.5,10
20906,368.24,101
20910,635.92,82
20913,368.32000000000005,106
20914,26474.410000000003,8613
20931,1534.92,382
20932,810.4200000000001,208
20933,471.49,121
20934,1077.57,177
20935,316.78000000000003,102
20936,667.6400000000001,204
20939,10.2,12
20940,250.95000000000002,82
20941,611.01,419
20942,6.25,5
20943,508.96,356
20950,232.42999999999998,399
20952,31.56,69
20953,54.449999999999996,33
20954,25.590000000000003,3
20956,1976.52,1360
20957,130.96,89
20958,70.5,38
20960,1725.84,1240
20961,3083.8,2177
20963,3261.0499999999997,2257
20964,50.99999999999999,20
20966,2615.74,1657
20967,3582.5,927
20968,185.11,43
20969,7913.77,2012
20970,7725.8,1995
20971,9445.65,7241
20972,12093.35,9278
20973,1547.78,1891
20974,1878.54,2455
20975,1772.71,2272
20976,204.74,285
20977,4366.41,3294
20978,4579.03,3371
20979,6830.75,5154
20980,271.06,224
20981,2557.0899999999997,2851
20982,2695.39,3022
20983,3229.93,3609
20984,379.59,606
20985,1653.15,1216
20986,883.3,628
20987,220.1,96
20988,46.8,24
20989,613.28,305
20990,1150.69,564
20991,50.56,52
20992,1100.84,1571
20993,111.07,119
20994,39.949999999999996,47
20996,339.43,911
20997,796.74,170
20998,942.2600000000001,324
21000,744.98,190
21001,717.8000000000001,141
21002,1379.72,387
21003,647.75,109
21004,625.07,137
21007,195.39,113
21008,2.51,1
21009,810.14,610
21010,717.26,532
21011,795.37,529
21012,3282.76,1402
21014,415.33,517
21015,375.53,448
21016,256.45,278
21017,255.80999999999997,203
21018,182.70999999999998,213
21025,396.12,300
21026,679.23,519
21027,433.61,355
21028,423.9,323
21030,290.9,239
21031,175.45,143
21032,248.41,200
21033,6651.55,2321
21034,3718.2999999999997,3914
21035,11361.43,3297
21036,2.55,1
21038,349.58000000000004,164
21039,2866.85,1077
21040,554.65,222
21041,6839.39,1824
21042,6937.51,1095
21043,1563.88,500
21051,1048.28,508
21053,-4.25,-1
21054,3520.1,380
21055,3776.4399999999996,379
21056,3631.43,383
21058,1387.55,1544
21059,1142.8799999999999,1332
21060,784.0699999999999,892
21061,747.64,832
21062,765.8299999999999,897
21063,1067.59,1212
21064,2045.77,379
21065,875.45,169
21066,539.71,406
21067,1439.45,978
21068,2185.02,1633
21069,1855.51,1291
21070,1137.9,828
21071,3180.09,2381
21076,488.58,506
21077,714.42,806
21078,3708.9199999999996,3758
21080,11223.429999999998,11744
21081,3.4,4
21082,678.9499999999999,689
21084,561.1999999999999,878
21085,229.76000000000002,327
21086,3786.69,4732
21087,116.15,161
21088,278.69,499
21089,107.98,299
21090,1151.05,1659
21091,224.94,236
21092,129.45999999999998,114
21094,5323.389999999999,5569
21095,213.37,223
21096,463.63,727
21097,27.2,32
21098,5882.95,3423
21099,91.94,132
21100,2425.4,1236
21102,221.07999999999998,82
21106,1930.0800000000002,598
21107,3564.7700000000004,1102
21108,9395.64,4457
21109,3150.19,547
21110,5546.37,840
21111,1926.3100000000002,592
21112,1736.9600000000003,552
21114,5620.89,4257
21115,6593.09,1006
21116,7355.31,1227
21117,282.0,208
21118,104.25,69
21119,41.01,3
21120,16.98,1
21121,1709.8,1245
21122,1644.25,1240
21123,455.63,382
21124,1262.82,980
21125,1616.99,1280
21126,1840.92,1447
21127,653.28,96
21128,841.63,126
21129,928.59,121
21130,695.8800000000001,192
21131,506.36,102
21132,476.61,93
21133,489.83,278
21134,474.84,273
21135,5334.34,3103
21136,10151.0,5875
21137,8629.6,2056
21143,2747.7,1325
21144,182.59,267
21145,694.6800000000001,376
21146,841.9699999999999,415
21147,764.28,355
21153,3848.8900000000003,341
21154,7306.16,4541
21155,12253.12,4562
21156,9471.98,4645
21157,1604.3500000000001,683
21158,982.17,810
21159,777.88,588
21160,305.71,192
21161,1033.48,655
21162,930.7199999999999,758
21163,866.9599999999999,650
21164,9521.11,3127
21165,7573.27,4149
21166,14180.51,6826
21167,103.42,255
21169,6137.26,3393
21171,1549.87,1053
21172,7299.91,4604
21173,489.15999999999997,268
21174,11770.21,5440
21175,19725.14,8249
21179,2058.95,1683
21181,21659.140000000003,9798
21185,700.0799999999999,101
21186,3347.7699999999995,1796
21187,1288.1299999999999,695
21188,2212.3900000000003,703
21189,1286.1299999999999,554
21190,821.1899999999999,462
21191,2178.76,815
21192,2015.2399999999998,911
21193,200.01,67
21194,601.0,400
21195,1556.51,584
21196,267.28999999999996,154
21197,462.8499999999999,285
21198,938.3899999999999,559
21199,1164.7399999999998,705
21200,927.56,493
21201,2801.21,1000
21202,671.3299999999999,371
21203,1296.55,706
21204,1866.5399999999997,1055
21205,1329.82,480
21206,2081.35,1208
21207,2322.72,1371
21208,614.51,568
21209,833.93,647
21210,10605.74,6897
21211,1624.4399999999998,1085
21212,4810.13,4915
21213,2498.33,2571
21214,1514.2199999999998,930
21215,620.04,557
21216,12136.05,2013
21217,24773.94,2350
21218,12625.56,2747
21219,1290.77,1003
21220,888.68,659
21221,709.66,535
21222,804.65,621
21223,375.08,292
21224,2451.91,1979
21225,2.5,2
21226,202.32999999999998,179
21228,122.57,97
21231,11670.41,8363
21232,20953.93,14399
21238,4838.04,5205
21239,3880.0699999999997,4061
21240,3867.1299999999997,4107
21241,1393.42,1580
21242,6462.0,3504
21243,4480.74,2444
21244,4165.8,2318
21245,2870.84,1631
21246,3442.03,693
21247,664.73,422
21248,824.55,535
21249,3224.4300000000003,1015
21250,655.85,216
21251,1484.7300000000002,475
21252,153.96,48
21253,1111.17,272
21254,-11.8,-4
21255,620.2299999999999,319
21256,449.43999999999994,230
21257,10427.18,1042
21258,17223.21,1128
21259,9812.87,1534
21260,6073.58,1737
21261,951.4200000000001,217
21262,1985.5200000000002,496
21263,513.99,225
21264,808.65,335
21265,428.28999999999996,187
21266,98.9,23
21267,74.6,24
21268,140.7,205
21269,1036.84,114
21270,874.43,76
21272,2260.18,1651
21274,2407.94,174
21275,1576.03,238
21276,119.24000000000001,11
21277,1221.59,50
21278,972.8499999999999,326
21279,787.9799999999999,256
21280,524.8399999999999,189
21281,460.4,152
21282,998.78,218
21283,1062.2,308
21284,1177.2,707
21285,907.34,527
21286,1124.4099999999999,478
21287,537.6,627
21288,1866.92,589
21289,927.37,715
21290,2.5,2
21291,1340.98,1544
21292,796.0699999999999,929
21293,716.94,269
21294,769.83,694
21298,656.1,46
21299,743.35,114
21300,714.2,43
21303,909.09,85
21304,433.18,54
21306,160.70000000000002,104
21307,300.45000000000005,148
21308,60.00000000000001,4
21309,69.65,7
21310,149.75,5
21311,346.65000000000003,215
21312,410.22,118
21313,2541.52,2478
21314,12441.11,5102
21315,-17.0,-4
21316,406.21000000000004,123
21317,1257.55,210
21318,564.0799999999999,376
21319,449.78,253
21320,520.52,184
21321,126.89999999999999,40
21322,260.45,37
21323,906.14,178
21324,1836.8100000000002,552
21326,3035.1800000000003,3946
21327,3147.31,1766
21328,4372.59,2273
21329,3385.7899999999995,1817
21330,1278.02,675
21331,718.8299999999999,59
21332,1155.22,153
21333,3010.67,991
21335,904.8199999999999,38
21336,299.97,94
21337,103.53000000000002,33
21338,221.25,36
21339,544.5,30
21340,14113.13,1210
21341,308.64000000000004,48
21343,58.10000000000001,18
21344,499.67,89
21346,-5.95,-1
21347,47.6,8
21348,1074.99,347
21349,3575.93,481
21350,539.85,183
21351,3392.4,962
21352,2564.43,701
21353,160.45,19
21354,1624.66,1252
21355,2518.15,1950
21356,1692.99,1327
21357,1092.76,800
21358,1292.46,1044
21359,1962.1299999999999,175
21360,1527.31,163
21361,7159.54,540
21363,5203.83,965
21364,2110.82,286
21365,593.9200000000001,349
21366,780.0,142
21367,217.28,139
21368,150.84,129
21369,195.36,109
21370,221.97,30
21371,440.81,260
21372,226.21,108
21373,278.29,288
21374,524.67,242
21375,817.6,134
21376,626.71,135
21377,513.36,254
21378,553.77,320
21379,574.66,377
21380,8296.62,2685
21381,4232.37,2293
21382,1183.65,627
21383,1116.43,1460
21384,379.72999999999996,395
21385,1830.05,1798
21386,352.46,404
21387,21.25,25
21388,208.57,215
21389,1149.31,1285
21390,1604.67,1121
21391,1393.24,929
21392,475.05000000000007,223
21393,467.15000000000003,225
21394,414.96999999999997,443
21395,343.91999999999996,296
21396,728.72,523
21397,1238.58,945
21398,867.2600000000001,469
21399,604.1500000000001,396
21400,71.23,226
21401,96.1,297
21402,165.96,425
21403,150.10999999999999,399
21406,8.65,1
21407,5496.08,1191
21408,2509.08,500
21409,4.25,1
21410,1374.03,279
21411,7258.36,1692
21412,275.21999999999997,266
21413,269.26,190
21414,328.79,136
21415,656.8000000000001,300
21416,127.86,31
21417,823.08,339
21418,526.1899999999999,191
21419,229.69,59
21420,235.2,72
21421,990.62,754
21422,1065.53,1156
21424,1837.1000000000001,417
21425,799.24,210
21426,673.87,240
21427,743.46,275
21428,6385.38,1428
21429,8829.6,4746
21430,9638.99,2161
21431,2080.8599999999997,1193
21432,3933.1600000000003,667
21437,1482.57,384
21438,577.62,153
21439,1490.06,1119
21440,475.06,374
21441,504.73999999999995,544
21442,554.25,589
21443,185.43,43
21444,378.28000000000003,82
21445,697.62,498
21446,1234.83,910
21447,2453.46,1599
21448,1600.5699999999997,931
21450,17.849999999999998,3
21452,4802.080000000001,1520
21454,675.0,781
21455,644.4799999999999,720
21456,534.8,413
21457,476.0,361
21458,639.24,468
21459,366.65,173
21460,234.04999999999998,105
21461,161.29,77
21462,2338.11,383
21463,5869.76,1030
21464,2197.5,518
21465,2211.7400000000002,575
21466,3141.9900000000002,819
21467,2803.4,732
21468,1555.89,403
21469,2591.31,683
21470,3732.38,949
21471,4089.43,1066
21472,3794.62,960
21473,3132.3599999999997,153
21474,4049.85,203
21475,0.0,0
21476,2189.6099999999997,140
21477,1349.19,100
21478,769.12,179
21479,15968.06,3303
21480,606.4200000000001,171
21481,14322.320000000002,4121
21482,1820.0600000000002,554
21484,13166.7,3070
21485,23201.870000000003,4433
21486,2876.04,731
21488,5170.26,1128
21489,157.60000000000002,28
21490,445.75,184
21491,2471.71,1216
21493,160.64999999999998,164
21494,4816.0,2364
21495,6.3,15
21497,0.84,2
21498,11.76,28
21499,0.84,2
21503,0.0,0
21504,1197.9,2849
21506,2435.37,5614
21507,2026.97,4672
21508,1841.58,4284
21509,2162.62,5037
21511,6.72,16
21518,367.04,843
21519,1915.65,4423
21520,354.63,811
21523,27979.23,3588
21524,27356.45,3640
21525,0.0,0
21527,17599.05,2172
21528,4115.25,573
21529,1762.8400000000001,495
21530,1276.0800000000002,859
21531,7145.7699999999995,2638
21532,540.11,243
21533,15059.67,3011
21534,4523.09,885
21535,12154.449999999999,4594
21536,460.04,214
21537,3671.71,829
21538,417.01,106
21539,11687.33,2293
21540,940.95,205
21541,1102.49,1232
21542,1015.9999999999999,1142
21543,85.0,84
21544,2771.81,3048
21545,698.2700000000001,219
21547,1104.5700000000002,348
21548,993.8700000000001,298
21549,481.74000000000007,156
21550,948.7600000000001,150
21551,408.95000000000005,65
21552,519.75,87
21553,467.32,62
21554,269.9,44
21555,966.8199999999999,352
21556,2641.21,895
21557,2789.6400000000003,787
21558,7273.8099999999995,2562
21559,12791.08,4683
21560,15.44,4
21561,4849.16,1820
21562,564.9200000000001,342
21563,4068.0400000000004,1321
21564,3002.9300000000003,980
21576,1665.94,723
21577,4630.5199999999995,1940
21578,3923.79,1688
21579,1026.2,428
21580,1316.1299999999999,536
21581,1308.59,543
21582,193.04999999999998,117
21584,4427.9,2686
21585,1.65,1
21586,3191.3999999999996,1260
21587,4194.75,1645
21588,3681.6,1448
21589,1231.6499999999999,483
21590,857.5,686
21591,1161.25,929
21592,1050.34,896
21593,268.75,215
21594,21.06,5
21595,76.95,9
21596,42.64,10
21609,2453.4900000000002,827
21610,1105.67,374
21611,1691.0900000000001,564
21612,1376.8700000000001,452
21613,1597.4500000000003,536
21614,2434.82,818
21615,1420.67,736
21616,1750.58,816
21617,1874.01,702
21618,1421.74,530
21619,1724.02,855
21620,1910.27,935
21621,40410.75,4540
21622,13283.92,2573
21623,10596.289999999999,1052
21624,6402.820000000001,1048
21625,5847.62,784
21626,2455.47,1208
21627,3381.65,165
21628,2819.48,136
21629,1953.42,176
21630,1937.59,158
21631,1453.25,191
21632,1063.47,131
21633,1519.11,143
21634,89.52999999999999,42
21635,510.24,194
21636,614.9399999999999,606
21637,896.4399999999999,638
21638,1775.7400000000002,808
21639,38.25,35
21640,691.17,661
21641,272.40999999999997,212
21642,399.53,401
21643,1378.24,903
21644,1015.97,781
21645,1296.1499999999999,759
21647,1563.2800000000002,688
21648,841.5899999999999,401
21649,528.8900000000001,173
21650,423.19,637
21651,1375.9599999999998,809
21652,1303.79,635
21653,1278.3700000000001,573
21654,393.54999999999995,313
21655,857.82,452
21656,1182.04,647
21657,1932.63,252
21658,6947.47,1553
21659,1831.8999999999999,116
21661,1476.1100000000001,233
21662,1449.65,217
21663,446.51000000000005,69
21664,760.74,179
21665,301.1,371
21666,394.6,545
21667,5732.5,329
21668,8271.18,5623
21669,8066.96,5610
21670,7913.72,5345
21671,7151.63,4948
21672,8120.37,5648
21673,7863.26,5273
21674,680.8499999999999,43
21675,1346.9199999999998,1506
21676,725.24,809
21677,1542.76,1747
21678,318.35999999999996,356
21679,2055.5299999999997,2273
21680,1365.1599999999999,1454
21681,1592.9599999999998,158
21682,2441.79,483
21683,2105.6200000000003,689
21684,600.16,627
21685,29.9,2
21686,2210.4900000000002,58
21687,1379.32,332
21688,2276.3,719
21689,743.93,193
21690,900.84,234
21691,960.99,249
21692,1515.15,393
21693,2200.2200000000003,719
21694,1103.5600000000002,364
21695,1639.4800000000002,524
21696,2012.1900000000003,668
21697,81.12,48
21698,301.21,338
21699,20.28,12
21700,4176.58,2944
21701,-20.28,-12
21702,74.36,44
21703,1483.01,3248
21704,2882.87,3185
21705,1549.0099999999998,900
21706,3563.71,718
21707,2297.9500000000003,465
21708,1717.28,355
21709,1367.72,276
21710,1311.16,263
21711,905.86,178
21713,3645.2400000000002,1573
21714,4438.54,2827
21715,5949.17,2100
21716,6119.8099999999995,2123
21717,2763.8799999999997,969
21718,3376.35,2397
21719,648.24,712
21720,653.81,728
21721,693.0,740
21722,253.79999999999998,260
21723,560.03,620
21724,657.99,725
21725,757.63,807
21726,710.24,802
21728,1115.61,92
21729,334.9,92
21730,5361.62,1080
21731,16732.66,8364
21732,1088.68,298
21733,23417.620000000003,7803
21734,506.99,91
21735,7461.25,519
21736,316.92,154
21737,5599.86,294
21738,1216.0800000000002,381
21739,1448.9,493
21740,698.0100000000001,201
21741,1987.0000000000002,592
21742,2647.28,437
21743,2192.03,689
21744,2679.4600000000005,892
21745,5968.4,1560
21746,4110.95,3044
21747,1058.07,806
21749,2331.88,1001
21750,522.5500000000001,236
21752,1140.1599999999999,70
21754,45097.240000000005,7338
21755,33193.37,5346
21756,9778.15,1582
21757,454.3,80
21758,1069.76,135
21759,1274.47,30
21760,1490.0,13
21761,1784.8,64
21763,1076.05,40
21764,619.2,16
21765,2745.04,326
21766,-33.9,-2
21767,29.95,1
21768,4440.95,261
21769,5840.55,85
21770,7672.700000000001,1467
21772,12.75,1
21773,1514.6299999999999,969
21774,1688.52,1026
21775,1301.1299999999999,822
21777,7121.46,847
21779,968.35,259
21780,1745.85,203
21781,8811.119999999999,555
21784,3468.6299999999997,283
21785,155.68,158
21786,645.67,943
21787,883.7299999999999,830
21788,303.03999999999996,322
21789,390.21999999999997,399
21790,10363.16,11239
21791,10197.22,7622
21792,2243.33,433
21793,1469.3600000000001,313
21794,3073.79,599
21795,1478.97,113
21796,1211.25,95
21801,546.12,1214
21802,695.03,1484
21803,709.71,1544
21804,2053.4900000000002,547
21805,131.05,263
21806,167.81,329
21807,233.66,461
21808,2065.53,559
21809,1013.45,915
21810,1481.25,1525
21811,1918.68,1798
21812,3348.3700000000003,673
21813,3253.21,703
21814,912.13,598
21815,918.14,581
21816,496.69,325
21817,563.11,751
21818,1020.89,1460
21819,928.5799999999999,1287
21820,2549.91,627
21821,2353.09,568
21822,995.6899999999999,731
21823,1113.1899999999998,857
21824,1081.6399999999999,908
21825,441.64,298
21826,1519.6,1125
21827,723.89,559
21828,878.1,661
21829,167.43,404
21830,36.32,50
21832,3874.4599999999996,2076
21833,4998.41,2785
21836,988.89,245
21837,1610.74,242
21838,5.45,1
21839,896.49,163
21841,1590.72,370
21842,508.03999999999996,189
21843,36583.81,3105
21844,8456.840000000002,2722
21845,1567.7700000000002,641
21846,1979.4199999999998,571
21847,405.37,131
21849,961.51,273
21850,619.98,171
21851,971.8,260
21852,13.9,2
21853,15.399999999999999,3
21854,5.17,1
21857,10.23,2
21858,10.23,2
21860,5.17,1
21864,3410.21,1324
21865,1947.0400000000002,830
21866,3027.68,1769
21867,1362.87,984
21868,7233.66,5409
21869,879.53,719
21870,5338.14,4060
21871,6319.04,4401
21872,1868.45,1401
21873,988.66,719
21874,4514.87,3207
21875,2811.67,2029
21876,4355.78,2783
21877,6138.38,4481
21878,1932.6299999999999,2109
21879,444.16,667
21880,918.4300000000001,1487
21881,391.51000000000005,588
21882,362.76000000000005,536
21883,940.5400000000001,1450
21884,483.25,644
21888,10151.74,2467
21889,9353.539999999999,6783
21890,6605.35,1996
21891,6871.0199999999995,4887
21892,6479.76,4642
21893,251.8,52
21894,1342.7,912
21895,1185.63,263
21896,2242.51,1003
21897,1234.19,411
21898,1136.43,389
21899,1214.74,1651
21900,1795.46,2335
21901,1348.1100000000001,1846
21902,990.6,1396
21903,3962.1700000000005,1788
21904,883.82,420
21905,1222.47,821
21906,7491.87,1009
21907,8570.92,3990
21908,9642.78,4326
21910,822.18,490
21911,2962.45,1682
21912,10466.09,2458
21913,3148.44,789
21914,8361.81,6248
21915,9033.58,6924
21916,716.87,1459
21917,410.26,856
21918,872.8199999999999,1742
21919,30.47,6
21922,10044.77,1276
21923,2646.7400000000002,335
21924,2407.1600000000003,305
21925,1322.63,991
21926,1117.97,831
21927,1472.19,1043
21928,19409.89,8766
21929,21085.45,9241
21930,17027.22,7517
21931,32264.51,13979
21932,5759.16,2700
21933,5785.53,2696
21934,6499.58,3423
21935,9413.36,4854
21936,13099.06,4072
21937,7369.47,2291
21942,699.62,654
21943,490.52,519
21944,619.27,659
21945,837.29,805
21946,213.04999999999998,241
21947,1667.42,1169
21948,1301.12,829
21949,1350.2,948
21950,71.58,30
21955,15081.12,1983
21967,616.28,1720
21972,1227.32,825
21973,1391.3799999999999,901
21974,6906.5,4284
21975,1278.46,1980
21976,1167.04,1327
21977,2305.4,2839
21980,747.9,2144
21981,624.8299999999999,1477
21982,903.8499999999999,2233
21983,385.86999999999995,1075
21984,528.5999999999999,1474
21985,1423.09,3835
21986,687.39,1997
21987,1649.21,2420
21988,2218.2999999999997,2465
21989,3045.4599999999996,3100
21990,3505.7400000000002,1733
21991,1522.54,779
21992,5177.56,2414
21993,4113.4,2077
22003,-67.5,-10
22016,83.33,1
22021,1759.0599999999997,1026
22023,1453.25,3367
22024,1403.08,3123
22025,988.6,2230
22026,1214.91,2781
22027,2985.77,6789
22028,1756.49,3968
22029,3884.88,8881
22030,2703.1,6248
22031,458.71,1041
22032,387.88,908
22033,486.09,1123
22034,294.05,693
22035,1123.86,2534
22036,512.23,1193
22037,2360.34,5374
22040,6.3,15
22041,6908.12,2002
22042,389.35,922
22043,211.13,541
22044,192.98000000000002,511
22045,5.04,12
22046,-3.78,-9
22048,6.3,15
22052,10.5,25
22053,603.22,458
22054,585.51,315
22055,5549.28,3074
22056,235.2,144
22057,2141.5099999999998,1350
22058,703.3399999999999,458
22059,3787.3399999999997,2415
22060,3782.23,467
22061,12795.5,1309
22062,849.12,480
22063,3666.6800000000003,1201
22064,6044.299999999999,3282
22065,2954.89,2213
22066,1377.6299999999999,1224
22067,1966.8799999999999,1115
22068,1545.48,822
22069,2076.31,872
22070,4340.03,1129
22071,3333.89,878
22072,7453.54,1848
22073,7385.09,1812
22074,1552.27,1063
22075,2807.2899999999995,1579
22076,2707.0699999999997,1641
22077,19582.46,10417
22078,5651.24,2537
22079,6498.99,3739
22080,5290.09,3088
22081,2604.29,1464
22082,9717.8,5622
22083,20511.820000000003,6200
22084,11566.910000000002,3740
22085,2689.32,889
22086,36057.66,10378
22087,13327.6,3976
22088,8866.78,2721
22089,7100.610000000001,2222
22090,25613.730000000003,7465
22091,1322.11,1084
22092,379.07,393
22093,729.67,762
22094,1196.8899999999999,945
22095,883.35,687
22096,418.96,425
22097,744.96,713
22098,1167.29,998
22099,973.58,815
22100,382.74,273
22101,1382.2,579
22102,515.43,270
22103,777.1499999999999,353
22104,602.02,389
22105,714.45,163
22106,1046.83,196
22107,4347.16,1097
22108,963.74,309
22109,10565.01,2420
22110,5900.0,1633
22111,30401.440000000002,5468
22112,34886.83,5932
22113,16318.74,4108
22114,26866.550000000003,5682
22115,4327.860000000001,1863
22116,818.7,565
22117,1833.9800000000002,648
22118,2905.17,617
22119,5302.97,842
22120,10126.59,999
22121,7288.81,1173
22122,2504.4800000000005,807
22123,1468.18,571
22124,681.13,274
22125,3501.9900000000002,535
22127,1758.6,1306
22128,2047.19,1557
22129,1082.72,906
22130,3095.5699999999997,2812
22131,4899.79,2227
22132,1825.1,1894
22133,1523.1299999999999,1540
22134,634.62,1250
22135,619.67,1132
22136,2066.6699999999996,1158
22137,466.2300000000001,147
22138,28906.65,5544
22139,36431.090000000004,6783
22141,5632.26,2370
22142,4274.54,2777
22143,562.48,242
22144,8170.820000000001,3346
22145,1984.2600000000002,902
22146,814.0799999999999,414
22147,10409.83,6949
22148,3050.39,1475
22149,14960.670000000002,6676
22150,8372.65,4093
22151,1209.1499999999999,1666
22152,406.38,710
22153,502.3,974
22154,551.11,1054
22155,723.1,1335
22156,2492.93,2590
22157,370.2,426
22158,12532.43,4162
22161,1148.21,1659
22162,3004.9,950
22163,1393.67,614
22164,678.6700000000001,218
22165,5608.32,535
22166,2532.99,240
22167,5333.58,545
22168,4554.28,542
22169,17996.24,2054
22170,12597.130000000001,1851
22171,13290.84,1475
22172,3234.2200000000003,350
22173,12350.18,3784
22174,5731.49,2467
22175,3762.0300000000007,1210
22176,2762.5800000000004,887
22177,2153.02,192
22178,17732.59,11711
22179,10374.91,1345
22180,9620.18,926
22181,652.8,728
22182,1942.25,413
22183,3241.05,577
22184,2625.87,339
22185,4232.389999999999,2475
22186,4064.1000000000004,1442
22187,5035.35,1437
22188,7167.120000000001,1724
22189,20653.93,5031
22190,1431.57,607
22191,11722.1,1383
22192,11209.75,1311
22193,12952.58,1499
22194,2885.7000000000003,331
22195,6677.24,3531
22196,4309.849999999999,4331
22197,13241.3,13035
22198,5706.0599999999995,2947
22199,4408.64,968
22200,4129.67,865
22201,1395.9,339
22202,2665.52,587
22203,4027.14,991
22204,1433.63,379
22206,11.82,14
22207,6276.82,1246
22208,2518.7,1945
22209,1608.0199999999998,1255
22210,1479.07,1191
22211,1846.1699999999998,1403
22212,7006.1,3066
22214,774.8299999999999,309
22215,7749.13,951
22216,526.9399999999999,476
22217,1665.51,1285
22218,2943.66,588
22219,6419.969999999999,6401
22220,5889.74,634
22221,3441.33,365
22222,5353.6900000000005,1196
22223,2434.07,503
22224,6413.64,1947
22227,1702.17,2039
22228,1205.81,1380
22229,701.62,799
22230,624.06,742
22231,1819.2199999999998,1393
22232,943.6899999999999,771
22233,933.43,719
22236,12055.869999999999,960
22241,3712.0,2666
22242,3479.7599999999998,2033
22243,3226.5499999999997,1852
22244,4501.759999999999,2076
22245,2134.3599999999997,2280
22246,1746.1499999999999,781
22247,906.84,1023
22248,833.41,928
22249,1268.86,1434
22250,1169.1599999999999,1245
22251,1856.75,1446
22252,851.27,661
22253,616.24,472
22254,1168.69,870
22255,701.26,684
22256,927.43,693
22257,219.84,191
22258,918.22,735
22259,358.24,299
22260,1068.47,967
22261,1166.6399999999999,1186
22262,1484.57,1481
22263,311.06,308
22264,684.4499999999999,681
22265,506.5,721
22266,355.82,593
22267,643.8,545
22268,762.8299999999999,980
22269,1109.65,1160
22270,1959.98,490
22271,9916.69,3256
22272,2889.2300000000005,952
22273,9613.550000000001,3131
22274,7402.610000000001,2421
22275,6754.18,800
22276,3827.3599999999997,1448
22277,1824.69,822
22278,5264.61,867
22279,1581.99,1077
22280,963.54,693
22281,2550.6600000000003,335
22282,5999.19,399
22283,7453.99,854
22284,3100.6399999999994,1791
22285,2538.6099999999997,1481
22286,1543.7999999999997,954
22287,922.9899999999999,572
22288,355.99,242
22289,217.48,152
22290,750.5200000000001,345
22291,932.3299999999999,589
22292,780.34,511
22293,863.75,533
22294,2443.43,1672
22295,7976.139999999999,4709
22296,9797.519999999999,5799
22297,3389.91,2088
22299,364.77,183
22300,7239.91,2691
22301,8187.94,2979
22302,5630.5,2149
22303,7637.839999999999,2918
22304,1984.9699999999998,742
22305,1729.32,660
22306,1458.06,962
22307,1028.55,618
22308,1665.35,493
22309,2104.58,707
22310,1658.79,752
22311,3370.1600000000003,832
22312,3456.6000000000004,930
22313,1815.1200000000001,512
22314,3355.4800000000005,890
22315,1749.9,1267
22316,541.17,416
22317,1827.64,587
22318,4640.330000000001,1460
22319,913.2300000000001,1338
22320,2754.17,455
22321,1582.6699999999998,1638
22322,1242.1499999999999,1277
22323,1172.71,479
22324,1247.46,488
22325,2698.3900000000003,603
22326,22313.99,7029
22327,7798.250000000001,2227
22328,16054.560000000001,5254
22329,4967.2699999999995,2795
22330,145.7,92
22331,3732.77,2116
22332,3061.5499999999997,1794
22333,6058.099999999999,3519
22334,2100.21,1251
22335,1428.1200000000001,1673
22336,525.76,745
22337,407.72,577
22338,642.96,1254
22339,266.64,577
22340,1024.78,868
22341,2519.49,1383
22342,1761.9499999999998,1015
22343,793.56,1007
22344,513.68,656
22345,482.23999999999995,614
22346,323.5,427
22347,843.98,604
22348,4823.58,5183
22349,5249.92,1362
22350,3604.77,1323
22351,29.809999999999995,15
22352,12178.71,4456
22353,5411.69,1891
22354,5372.33,1319
22355,10201.28,10673
22356,11171.24,10625
22357,5560.17,1225
22358,6208.76,1816
22359,1583.0500000000002,487
22360,3973.55,1122
22361,4089.8100000000004,1092
22362,2001.2800000000002,592
22363,1352.19,413
22364,2797.2300000000005,784
22365,9819.14,1278
22366,12644.58,1616
22367,11560.22,5530
22371,7991.72,1606
22372,2908.68,573
22374,4981.69,994
22375,2863.89,564
22376,2632.18,529
22377,3691.21,1828
22378,4809.5599999999995,2245
22379,17944.24,7013
22380,6558.71,3041
22381,10599.09,4509
22382,24752.72,14247
22383,28643.54,15581
22384,23517.04,13696
22385,15806.36,7301
22386,31754.38,14494
22389,943.7199999999999,439
22390,939.7199999999999,429
22391,625.8299999999999,299
22393,1135.37,530
22394,437.19,232
22395,399.71999999999997,198
22396,787.84,923
22398,2580.6,2871
22399,2067.48,1640
22400,1057.49,1297
22402,1207.28,1377
22403,860.73,959
22405,1734.68,1413
22406,1267.21,1005
22407,329.36,270
22408,581.54,469
22409,955.28,720
22410,1451.58,1183
22411,31609.73,13896
22412,3952.2200000000003,1775
22413,10622.330000000002,3471
22414,3711.37,445
22415,2520.15,317
22416,1321.26,896
22417,1304.9,1741
22418,1559.55,1632
22419,1414.74,2475
22420,562.03,1132
22421,1044.24,2002
22422,1104.14,1313
22423,200764.93,15237
22424,18331.2,1286
22425,4021.9700000000003,785
22426,4673.2,1183
22427,15085.03,2445
22428,3275.42,444
22429,7640.54,1698
22430,5735.99,1128
22431,5099.7699999999995,2452
22432,4717.3,2296
22433,3351.99,1641
22434,2492.79,1265
22435,3773.57,2896
22436,2009.3,3080
22437,4019.87,4608
22438,1616.22,859
22439,1023.86,1464
22440,1258.8500000000001,2964
22441,4949.37,2242
22442,2545.26,440
22443,4955.04,614
22444,893.64,398
22445,3510.8600000000006,1119
22446,1731.83,612
22447,776.24,242
22448,1698.63,507
22449,3899.8500000000004,1167
22450,2423.63,715
22451,3419.59,983
22452,2566.9,975
22453,1720.7200000000003,613
22454,2251.3300000000004,755
22456,15528.29,2893
22457,32729.280000000002,10200
22458,2054.91,767
22459,2091.3799999999997,774
22460,3158.48,2260
22461,2792.5099999999998,300
22464,9463.989999999998,5472
22465,5178.339999999999,3039
22466,5419.28,2590
22467,11757.59,4359
22468,8304.8,1168
22469,22597.589999999997,12490
22470,27144.99,8895
22471,2177.71,448
22472,3617.9700000000003,710
22473,2537.7200000000003,611
22474,3432.9300000000003,636
22475,2728.9,495
22476,3455.11,594
22477,1977.3899999999999,1443
22478,2617.81,1920
22479,1588.09,1189
22480,1922.5,1528
22481,1065.85,924
22482,1628.59,1299
22483,3666.5600000000004,1184
22485,13855.09,1028
22486,677.9,90
22487,15466.099999999999,1530
22488,7584.3099999999995,4222
22489,852.0699999999999,1501
22491,2256.04,2611
22492,380.89,238
22493,4248.419999999999,2488
22494,2576.89,1798
22495,2186.6600000000003,730
22496,1775.8300000000002,629
22497,3449.82,732
22498,5983.34,943
22499,17134.21,2716
22500,2525.51,552
22501,21139.71,1780
22502,18655.54,3086
22503,2631.3199999999997,119
22504,6681.48,300
22505,10890.130000000001,2077
22507,13548.800000000001,2511
22508,8228.92,2051
22509,4842.3099999999995,368
22510,741.57,252
22511,962.91,332
22512,607.69,208
22513,1546.22,409
22514,1531.64,684
22515,1454.2600000000002,646
22516,1093.8200000000002,476
22517,988.9300000000001,446
22518,1833.1200000000001,786
22519,1939.2900000000002,835
22520,1851.2099999999998,2091
22521,1780.55,2022
22522,1644.8999999999999,1888
22523,1643.4599999999998,1880
22524,2559.73,1787
22525,2543.16,1759
22526,5359.65,418
22528,4346.13,3122
22529,124.35,277
22530,393.73,796
22531,352.48,730
22532,131.98,294
22533,187.72,404
22534,575.28,1118
22535,289.29,620
22536,290.44,641
22537,366.03,749
22538,67.07,123
22539,191.95,321
22540,158.07,303
22541,48.88,93
22543,80.35,150
22544,305.08,550
22545,186.14,353
22546,163.9,342
22547,203.74,370
22548,2761.48,2137
22549,5936.66,3730
22550,5292.86,1328
22551,11935.319999999998,7058
22553,8545.249999999998,4932
22554,11840.669999999998,6915
22555,8755.72,5169
22556,11129.929999999998,6622
22557,9287.65,5438
22558,9886.48,6508
22559,1364.54,1020
22560,1918.55,1367
22561,9802.069999999998,5878
22562,2209.54,1742
22563,2829.02,2215
22564,1897.05,1491
22565,1438.86,1581
22566,1503.1,1696
22567,3896.93,2927
22568,12427.93,3175
22569,10563.64,2704
22570,10487.460000000001,2643
22571,2996.2799999999997,3162
22572,1984.8899999999999,2130
22573,2445.6499999999996,2489
22574,2650.96,2727
22575,3727.0099999999998,1887
22576,1868.6599999999999,1962
22577,3250.12,4658
22578,2654.99,4087
22579,2043.33,2955
22580,10673.83,1841
22581,1933.53,2237
22582,3241.6699999999996,1224
22583,3670.5499999999997,1353
22584,7173.11,2679
22585,9144.86,7071
22586,1362.9599999999998,1533
22587,1501.23,1668
22588,5770.17,2038
22589,2968.3399999999997,1041
22591,2594.25,833
22592,5190.3,1210
22593,2612.2999999999997,2708
22594,2717.3599999999997,2750
22595,5170.54,5677
22596,3356.24,3143
22597,1217.87,1620
22598,536.24,743
22599,772.81,1032
22600,2515.7,2720
22601,2456.0899999999997,2666
22602,2779.74,3048
22603,2079.74,2264
22604,2899.62,1083
22605,20756.84,1541
22606,11997.4,811
22607,19018.41,2065
22608,143.1,271
22609,172.34,215
22610,235.42,256
22611,3100.8300000000004,615
22612,1427.43,368
22613,1097.26,1241
22614,410.84999999999997,1105
22615,187.79999999999998,478
22616,1194.9199999999998,3170
22617,13773.87,2679
22618,5087.57,508
22619,10689.44,2589
22620,7861.7,5536
22621,9690.47,5845
22622,17117.16,1548
22623,9571.28,1800
22624,23901.43,2712
22625,20012.15,2234
22626,6414.38,740
22627,13248.49,1500
22628,5514.150000000001,1077
22629,14973.25,7428
22630,14224.679999999998,6851
22631,7366.849999999999,3436
22632,8635.51,4059
22633,9063.960000000001,4245
22634,12634.75,1311
22635,12131.56,1236
22636,11471.45,1353
22637,6979.62,2513
22638,558.6,244
22639,3011.16,1143
22640,712.91,293
22641,549.3,212
22642,1583.09,620
22643,886.56,368
22644,5405.83,3302
22645,7605.15,4002
22646,8118.669999999999,5012
22647,431.34999999999997,290
22649,9284.880000000001,1782
22650,2289.83,1461
22651,1297.54,1339
22652,9868.05,5590
22653,4020.16,2136
22654,12503.27,1750
22655,10524.5,64
22656,6921.5,32
22657,29.75,35
22659,8925.109999999999,4164
22660,3702.11,465
22661,3760.71,4299
22662,10112.96,5936
22663,8162.19,3848
22664,2092.4900000000002,962
22665,7501.490000000001,2142
22666,20857.780000000002,5986
22667,8449.85,2847
22668,7463.4,2260
22669,6218.64,1932
22670,2794.45,2084
22671,2089.74,1204
22672,3476.8599999999997,2017
22673,1404.05,1091
22674,2040.03,1571
22675,2001.15,1551
22676,1991.58,1488
22677,1941.78,1422
22678,1736.78,1289
22679,1583.18,1173
22680,1695.45,1256
22681,1482.21,1105
22682,1445.61,1105
22683,1424.16,1069
22684,1263.69,949
22685,1270.84,982
22686,1290.15,890
22687,3723.67,445
22688,2008.7,265
22689,6856.72,810
22690,9992.95,1334
22691,4075.25,515
22692,13736.4,1662
22693,411.25,174
22694,8537.900000000001,3793
22695,1606.59,1061
22696,2116.73,1025
22697,19555.050000000003,5547
22698,14367.670000000002,4264
22699,20257.750000000004,6013
22700,745.46,234
22701,974.45,371
22702,587.97,267
22703,849.8100000000001,483
22704,1.26,3
22705,3.36,8
22706,9.24,22
22707,2.94,7
22710,3.78,9
22711,0.84,2
22712,1697.36,3766
22713,1143.2,2517
22714,1175.83,2641
22715,791.21,1829
22716,1654.85,3790
22717,772.18,1757
22718,856.96,1897
22719,1126.03,659
22720,22358.120000000003,4018
22721,3792.21,804
22722,12325.04,2804
22723,3261.32,874
22725,8080.17,1881
22726,22984.81,5326
22727,23443.23,5552
22728,14370.11,3481
22729,9283.61,2258
22730,10830.08,2675
22731,2677.5099999999998,2037
22732,3647.3,2755
22733,3649.0099999999998,2773
22734,12355.69,4058
22735,2143.88,1164
22736,3772.83,2034
22737,5004.93,2716
22738,4990.2699999999995,2713
22739,6248.94,3291
22740,396.03,255
22741,445.03999999999996,281
22742,2214.28,784
22743,3575.4900000000002,1171
22744,3065.9500000000003,1053
22745,5918.64,2637
22746,4385.950000000001,1984
22747,3004.6000000000004,1357
22748,5971.150000000001,2710
22749,9408.08,2426
22750,8551.14,2203
22751,5624.95,1438
22752,14172.15,1593
22753,1431.79,1626
22754,2049.8199999999997,2244
22755,1899.87,2144
22756,1032.85,868
22757,1899.41,1507
22758,1602.49,1291
22759,9294.41,5195
22760,3789.89,292
22761,1113.93,45
22762,3031.72,186
22763,2594.7,247
22764,1106.77,45
22765,1489.27,102
22766,8923.5,2946
22767,8220.07,836
22768,9557.359999999999,960
22769,1570.71,57
22770,1694.97,105
22771,5345.51,3576
22772,3539.48,2310
22773,2255.41,1598
22774,1964.98,1371
22775,3132.84,1951
22776,15883.609999999999,1525
22777,2220.42,244
22778,2102.09,461
22779,3149.25,741
22780,2671.5,630
22781,6207.83,744
22782,3393.8999999999996,222
22783,1540.78,128
22784,6713.14,1319
22785,1861.51,316
22786,1549.1000000000001,248
22788,1943.57,184
22789,2086.99,1041
22791,3739.23,2638
22792,1680.26,1664
22794,3231.6,384
22795,10200.06,1430
22796,7252.599999999999,723
22797,3285.31,187
22798,5550.09,1703
22799,2012.34,252
22800,3864.0,919
22801,4448.0,1059
22802,1933.59,110
22803,2237.84,59
22804,7764.7300000000005,2576
22805,2176.11,1508
22806,699.22,258
22807,3209.11,1032
22808,979.8800000000001,324
22809,5221.22,1638
22810,4719.030000000001,1465
22811,1302.46,396
22812,5701.78,2484
22813,4371.48,2072
22814,858.51,1957
22815,1061.19,2422
22816,1329.66,3013
22817,1052.3,2421
22818,1245.9,2782
22819,1039.64,2389
22820,557.39,899
22821,853.3900000000001,1325
22822,2959.4500000000003,499
22823,3655.0,32
22824,2118.0,60
22825,745.77,93
22826,5692.5,54
22827,6570.0,42
22828,2275.0,15
22829,2380.67,231
22830,576.71,21
22831,1919.0800000000002,632
22832,1957.9,178
22833,698.4000000000001,14
22834,5693.18,2493
22835,19975.24,3718
22837,9660.93,1949
22838,8193.23,529
22839,7522.84,460
22840,7761.66,994
22841,5236.83,657
22842,3960.58,594
22843,2726.39,399
22844,10042.38,1024
22845,5724.0,803
22846,11975.26,725
22847,16240.83,1004
22848,5571.349999999999,338
22849,5664.37,355
22850,7.105427357601002e-15,0
22851,2493.43,2794
22852,2073.86,464
22853,1976.07,567
22854,3997.0,782
22855,4042.68,3067
22856,356.79,227
22857,478.82,516
22858,1064.34,603
22859,1305.7499999999998,738
22860,758.8999999999999,429
22861,344.72999999999996,197
22862,3236.22,722
22863,2078.26,686
22865,14444.830000000002,6423
22866,12455.61,5547
22867,11934.560000000001,5291
22868,176.78,76
22869,298.08,118
22870,274.37,107
22871,195.79,79
22872,217.7,88
22873,168.9,72
22874,178.42,78
22875,174.75,75
22876,158.62,70
22877,174.14,78
22878,252.56,91
22879,124.32,58
22880,220.19,87
22881,208.73999999999998,88
22882,243.04999999999998,101
22883,201.02,84
22884,207.18,86
22885,198.23,87
22886,164.08,74
22887,150.28,68
22888,120.75,55
22889,203.04,76
22890,6116.61,605
22891,2586.45,511
22892,2787.0,2204
22893,471.22999999999996,776
22894,4378.78,459
22895,5532.39,1705
22896,3504.6499999999996,1258
22897,2253.3,1463
22898,5046.44,2250
22899,3623.9100000000003,1632
22900,9045.44,2710
22902,2036.2200000000003,878
22903,647.96,225
22904,6205.790000000001,1997
22905,2151.9500000000003,749
22906,3590.3799999999997,2001
22907,4142.55,4590
22908,2237.75,2513
22909,5918.349999999999,6329
22910,23861.81,7147
22911,1653.9500000000003,541
22912,1198.75,235
22913,1386.41,266
22914,1994.2700000000002,385
22915,732.8,1223
22916,987.98,1366
22917,976.1500000000001,1406
22918,951.86,1361
22919,949.59,1373
22920,978.84,1401
22921,820.12,1175
22922,819.3,831
22923,693.04,778
22924,731.87,749
22925,2763.7200000000003,444
22926,3526.46,557
22927,2508.87,382
22928,1827.45,254
22929,1264.75,20
22930,1932.8,696
22931,1185.6999999999998,453
22932,557.28,212
22933,1446.5200000000002,448
22934,903.0200000000001,274
22935,800.82,234
22936,499.96999999999997,135
22937,2111.89,795
22938,3706.1499999999996,1869
22939,2583.2400000000002,486
22940,9475.96,2174
22941,12677.53,1370
22942,5131.16,646
22943,6250.34,1129
22944,1207.1,1101
22945,3007.24,2139
22946,11457.27,698
22947,8861.75,733
22948,756.25,487
22949,1433.4899999999998,948
22950,3284.5899999999997,2200
22951,623.21,923
22952,1995.0600000000002,2275
22953,585.91,448
22954,262.64,213
22955,1596.3400000000001,740
22956,1927.2600000000002,890
22957,2920.1500000000005,969
22959,15.96,38
22960,23895.34,5280
22961,13242.13,7838
22962,2003.6399999999999,2168
22963,1690.9899999999998,1820
22964,3467.8300000000004,1541
22965,2538.6400000000003,1168
22966,5779.25,4429
22967,1663.9100000000003,561
22968,7774.2699999999995,729
22969,9144.939999999999,5898
22970,3686.85,1405
22971,3135.04,1197
22972,2555.8399999999997,1452
22973,1855.4299999999998,1055
22974,2039.8099999999997,1172
22975,1468.41,1076
22976,1239.01,946
22977,1177.61,890
22978,3549.41,901
22979,3069.0299999999997,1993
22980,2633.9599999999996,1514
22981,515.43,321
22982,1407.45,1034
22983,1979.19,4474
22984,812.01,1885
22985,9.24,22
22986,8.4,20
22987,0.84,2
22988,3381.73,2484
22989,4952.42,1434
22990,1938.73,407
22991,3355.69,1599
22992,3716.99,1821
22993,8384.8,6245
22994,260.34,532
22995,310.14,592
22996,463.21,893
22997,226.13,473
22998,601.8,1222
22999,235.93,510
23000,275.8,561
23002,203.49,423
23003,66.36,158
23004,214.35999999999999,362
23005,338.01,673
23006,156.87,312
23007,6384.249999999999,408
23008,5703.959999999999,366
23009,3723.72,239
23010,3931.7499999999995,252
23012,3792.9100000000003,955
23013,3402.0600000000004,846
23014,3135.63,775
23015,280.63,33
23016,555.3,71
23017,813.78,66
23018,612.1600000000001,51
23019,629.0500000000001,81
23020,2118.19,174
23021,410.82000000000005,96
23022,216.32,104
23023,255.71999999999997,152
23024,75.95,25
23025,748.32,344
23026,848.24,374
23027,453.23,211
23028,1640.78,882
23029,1840.7199999999998,1048
23031,1662.6999999999998,958
23032,2487.4799999999996,1436
23033,679.6999999999999,426
23034,895.4699999999999,571
23035,2021.4399999999998,1312
23036,172.42,136
23037,290.35999999999996,172
23038,42.919999999999995,44
23039,294.40999999999997,145
23040,800.03,133
23041,979.2800000000001,224
23042,645.01,93
23043,543.51,81
23044,423.29,101
23045,294.63000000000005,69
23046,731.49,109
23047,333.5,58
23048,1381.8200000000002,320
23049,3872.09,453
23050,4278.3,496
23051,3206.99,363
23052,5941.09,653
23053,3246.07,363
23054,2596.68,294
23055,512.46,81
23056,631.05,96
23057,741.32,148
23058,326.58000000000004,358
23060,528.1700000000001,249
23061,1033.97,772
23064,803.51,10
23065,2612.14,200
23066,1593.16,186
23067,1137.0600000000002,270
23068,1582.69,629
23069,556.21,88
23070,709.5400000000001,160
23071,287.5,23
23072,649.76,46
23073,1426.4,118
23074,448.87,192
23075,1473.2,350
23076,172.6,80
23077,5964.57,4731
23078,600.88,381
23079,1902.1499999999999,213
23080,5996.87,659
23081,3268.75,381
23082,5388.88,1388
23083,4501.28,1134
23084,9675.84,4103
23085,2860.48,291
23086,532.39,393
23087,847.62,644
23088,1000.0,763
23089,2433.33,1187
23090,915.06,1026
23091,3337.68,522
23092,2955.3500000000004,381
23093,1836.0100000000002,720
23094,1899.92,150
23096,1284.8899999999999,733
23099,872.1500000000001,129
23100,1963.53,1505
23101,1203.5,1376
23102,795.9899999999999,906
23103,2051.56,1140
23104,1155.82,94
23106,780.9100000000001,279
23107,1009.51,359
23108,7660.16,1255
23109,4200.6,1408
23110,3695.53,617
23111,3556.04,288
23112,4267.2300000000005,513
23113,766.64,136
23114,573.7,110
23115,620.9200000000001,116
23116,233.04,40
23117,496.28000000000003,92
23118,5145.46,653
23119,648.2199999999999,950
23120,122.23,269
23121,107.64,197
23122,580.14,650
23123,405.40999999999997,459
23124,383.48,270
23125,201.38,134
23126,4786.24,937
23127,3516.4500000000003,687
23128,2058.01,401
23129,3141.25,727
23130,2812.8300000000004,657
23131,1895.88,456
23132,2424.9,422
23133,3660.67,453
23134,692.23,89
23135,557.14,101
23136,511.89,135
23137,196.66,59
23138,806.81,545
23139,189.44,128
23140,626.3000000000001,146
23141,272.91,79
23142,762.07,71
23143,239.97,30
23144,1709.9599999999998,1932
23145,1365.1899999999998,1401
23146,2273.08,676
23147,2521.6499999999996,1709
23148,1449.6,1694
23149,224.06000000000003,88
23150,388.26000000000005,147
23151,114.33000000000001,61
23152,1810.32,475
23153,924.33,235
23154,2861.6,1360
23155,857.06,876
23156,2172.05,1017
23157,2031.1100000000001,942
23158,2850.55,1265
23159,2594.76,1212
23160,670.16,482
23161,873.68,609
23162,2662.81,668
23163,2644.5,961
23164,1667.9,325
23165,2955.8599999999997,1638
23166,1804.0,1331
23167,1334.4899999999998,1429
23168,2907.54,1781
23169,5788.6900000000005,1331
23170,5397.549999999999,2991
23171,4565.389999999999,2515
23172,3557.4099999999994,1993
23173,13049.03,1316
23174,5653.13,1281
23175,4386.9,1271
23176,2270.73,942
23177,2403.54,1003
23178,743.16,250
23179,592.2,192
23180,616.14,121
23181,1700.57,197
23182,1302.58,884
23183,937.17,218
23184,3953.15,681
23185,86.72,220
23186,108.75999999999999,296
23187,69.22999999999999,199
23188,3385.72,1956
23189,1875.92,618
23190,2003.7999999999997,1196
23191,2621.3399999999997,1538
23192,3231.99,1923
23193,1405.68,554
23194,1726.57,713
23196,2159.79,1355
23197,1516.6499999999999,889
23198,3919.93,2451
23199,14169.14,6010
23200,7840.63,3553
23201,13251.140000000001,6043
23202,13151.57,6149
23203,19737.79,9238
23204,4724.97,4382
23205,3654.22,3201
23206,13750.93,7358
23207,8558.15,4958
23208,7709.61,4494
23209,14132.42,8366
23210,662.53,437
23211,626.57,385
23212,1442.01,1048
23213,1323.98,974
23214,1295.68,597
23215,2815.32,1300
23216,300.61,225
23217,704.7,493
23218,221.86,162
23219,443.68,322
23220,545.52,584
23221,767.9999999999999,800
23222,468.52,524
23223,533.3399999999999,578
23224,369.30999999999995,417
23225,458.98999999999995,473
23226,266.83,167
23227,277.92,172
23228,415.36,220
23229,3815.94,970
23230,0.42,1
23231,1.26,3
23232,0.0,0
23234,3888.5,1250
23235,1312.6,482
23236,4150.6,1380
23237,3025.44,724
23238,4619.26,1064
23239,2698.04,670
23240,10615.87,2495
23241,3217.87,1414
23242,1800.47,839
23243,7717.08,1428
23244,1083.4299999999998,543
23245,19541.98,3646
23247,4063.96,1343
23249,990.9899999999999,559
23250,1028.91,760
23251,1106.55,832
23252,1882.02,490
23253,2616.96,160
23254,4681.110000000001,1119
23255,2195.27,521
23256,5589.67,1309
23263,3780.92,2770
23264,2427.12,1746
23265,2141.1,1552
23266,2381.42,1753
23267,892.11,674
23268,917.1399999999999,595
23269,806.78,527
23270,1143.2199999999998,784
23271,868.7299999999999,931
23272,473.65999999999997,292
23273,1409.6499999999999,821
23274,1370.6499999999999,781
23275,2213.23,1679
23280,668.9399999999999,749
23281,451.21999999999997,524
23282,625.62,632
23283,6029.93,787
23284,23259.13,2950
23285,892.23,957
23286,1086.33,1167
23287,975.5899999999999,1067
23288,858.22,915
23289,1305.1,986
23290,1519.45,1172
23291,1318.73,994
23292,1556.88,1170
23293,2922.54,3211
23294,1837.98,2019
23295,2378.02,2561
23296,2776.72,2084
23297,2191.1299999999997,1305
23298,27711.100000000002,5054
23299,2466.38,630
23300,6055.079999999999,3376
23301,8377.539999999999,4522
23302,1292.6999999999998,732
23303,79.94999999999999,41
23304,138.45,71
23305,113.1,58
23306,2703.23,1769
23307,705.35,935
23308,416.85,595
23309,652.3000000000001,864
23310,90.47999999999999,110
23311,5523.849999999999,1997
23312,4082.6000000000004,938
23313,10068.06,1922
23314,3911.46,302
23315,1800.84,177
23316,2491.69,249
23317,1777.46,173
23318,4761.71,1808
23319,5145.660000000001,2026
23320,5379.2,1976
23321,5692.539999999999,3310
23322,7252.160000000001,2386
23323,2803.5800000000004,1292
23324,563.5600000000001,267
23325,403.43999999999994,240
23326,248.2,90
23327,68.42,70
23328,8330.83,1594
23329,2230.54,1326
23330,1649.53,1278
23331,356.17,463
23332,2749.3599999999997,1624
23333,1814.61,1412
23334,361.08,458
23335,588.22,269
23336,519.25,225
23337,388.75,180
23338,725.32,329
23339,400.84000000000003,173
23340,1657.7799999999997,958
23341,2465.95,271
23342,2892.51,336
23343,6827.650000000001,3072
23344,11052.86,4957
23345,1245.5,948
23346,1262.84,958
23347,548.8,410
23348,1271.71,551
23349,3130.96,2165
23350,2469.43,1871
23351,3449.72,2390
23352,1994.44,1404
23353,1963.4499999999998,2115
23354,1893.84,2088
23355,15401.900000000001,2980
23356,9122.77,1510
23357,1344.8500000000001,282
23358,1505.04,448
23359,1182.46,606
23360,1694.1999999999998,834
23365,493.98,688
23366,808.5500000000001,1111
23367,1333.25,1897
23368,1061.55,1515
23369,719.37,530
23370,1197.44,896
23371,1279.21,974
23372,1127.57,813
23373,853.1899999999999,998
23374,1102.79,1334
23375,841.0699999999999,1001
23376,231.95,465
23377,238.32999999999998,443
23378,287.08,656
23379,130.56,284
23380,155.01999999999998,358
23381,125.11999999999999,296
23382,3642.39,814
23388,2207.4900000000002,497
23389,3029.2400000000002,704
23390,1896.44,446
23391,1087.17,249
23392,931.67,374
23393,2949.16,732
23394,1787.6499999999999,411
23395,2885.83,649
23396,2458.0299999999997,576
23397,4532.65,421
23398,333.62,365
23399,1361.07,1458
23400,1468.3600000000001,235
23401,1348.42,218
23402,989.36,248
23403,1427.26,358
23404,2945.81,550
23405,1206.93,227
23406,1416.21,215
23407,2649.73,259
23408,615.6800000000001,296
23409,775.4300000000001,208
23410,281.95,35
23411,814.86,154
23412,1782.04,244
23413,859.5100000000001,161
23414,1338.9499999999998,137
23415,345.60999999999996,251
23416,145.07999999999998,108
23417,148.14,122
23418,858.32,389
23419,905.8000000000001,400
23420,351.37,164
23421,349.2,160
23422,477.89,213
23423,858.15,214
23424,2205.87,389
23425,604.01,268
23426,2403.01,789
23427,2213.68,175
23428,659.61,75
23429,400.01,47
23430,301.88,36
23431,591.79,665
23432,551.12,616
23433,626.65,671
23434,1541.95,1701
23435,574.42,624
23436,1278.24,980
23437,1550.13,1213
23438,1243.92,969
23439,4363.31,2042
23440,41.6,20
23441,9.24,22
23442,83.2,40
23444,1185.0,78
23445,1324.1999999999998,1580
23446,21.449999999999996,13
23447,23.099999999999998,14
23448,41.24999999999999,25
23449,15.0,12
23451,509.37,253
23452,973.01,493
23453,569.18,292
23454,634.9000000000001,148
23455,390.15,135
23456,625.8000000000001,156
23457,441.88,88
23458,687.6999999999999,46
23459,375.0,30
23460,706.4499999999999,71
23461,978.61,223
23462,1256.94,62
23463,139.39999999999998,13
23464,99.2,18
23465,247.63,29
23466,489.78,54
23467,120.08000000000001,32
23468,156.75,19
23469,1101.76,256
23470,1195.76,184
23471,616.79,65
23472,894.42,58
23473,354.02,414
23474,211.2,240
23475,222.26,262
23476,264.72,205
23477,123.47,92
23478,124.72,93
23479,872.38,113
23480,3750.55,921
23481,166.21,132
23482,298.61999999999995,178
23483,776.0,550
23484,427.83000000000004,137
23485,2940.52,124
23486,1943.32,112
23487,706.03,71
23489,2520.35,841
23490,1784.64,467
23491,1889.51,227
23492,635.38,76
23493,5455.68,2676
23494,4333.26,624
23495,246.66,177
23496,154.52,112
23497,1982.02,1314
23498,896.0799999999999,552
23499,87.11,183
23500,1341.37,1060
23501,1132.87,869
23502,762.41,590
23503,2799.68,2232
23504,1466.84,1160
23505,635.89,500
23506,564.28,1321
23507,374.89,873
23508,435.33,1013
23509,227.06,522
23510,383.54,880
23511,840.3000000000001,393
23512,459.72,212
23513,586.26,272
23514,707.15,328
23515,649.46,291
23516,584.84,152
23517,757.34,238
23518,484.99,163
23519,318.55,80
23520,363.67,95
23521,449.87,143
23522,336.24,114
23523,610.35,162
23524,738.8100000000001,187
23525,651.4,168
23526,3563.88,456
23527,658.07,173
23528,674.57,167
23529,520.15,133
23530,2052.77,414
23531,2306.42,328
23532,403.58,90
23533,387.0,71
23534,6176.22,849
23535,6201.53,827
23536,1533.97,250
23537,581.13,111
23538,556.26,115
23539,715.79,115
23540,197.06,30
23541,3239.81,366
23542,1670.42,188
23543,2007.94,250
23544,360.01,49
23545,2.1,5
23549,2.1,5
23550,2.1,5
23551,211.83999999999997,480
23552,1705.83,691
23553,1582.85,124
23554,1520.53,122
23555,1232.77,97
23556,1376.71,111
23557,645.27,50
23558,1156.07,91
23559,1024.97,409
23560,349.78,112
23561,257.24,86
23562,575.19,191
23564,571.55,404
23565,460.06,309
23566,732.41,493
23567,260.33,186
23568,381.75,257
23569,3903.1600000000003,772
23570,2422.07,1776
23571,2926.16,1680
23574,90.0,12
23575,288.15,131
23576,320.84,150
23578,125.72,60
23579,279.55,121
23580,234.92,116
23581,4588.22,2129
23582,4043.73,1911
23583,3618.33,2125
23597,253.37000000000003,83
23598,665.9300000000001,219
23601,19.92,8
23602,2.91,1
23603,49.800000000000004,20
23604,6.64,4
23605,11.64,4
23607,13.28,8
23608,11.64,4
23609,2.91,1
23610,6.24,3
23611,99.60000000000001,40
23612,8.299999999999999,5
23613,27.39,11
23614,86.58000000000001,26
23615,9.96,4
23616,19.92,8
23617,5.82,2
23619,9.96,4
23620,24.900000000000002,10
23621,14.940000000000001,6
23623,23.28,8
23624,9.96,4
23625,44.910000000000004,9
23626,107.07000000000001,43
23627,17.43,7
23628,2.91,1
23629,59.760000000000005,24
23630,2.49,1
23632,31.200000000000003,15
23633,7.470000000000001,3
23634,14.55,5
23635,12.48,3
23636,26.19,9
23637,27.39,11
23638,5.82,2
23639,13.32,4
23640,22.410000000000004,9
23643,3.33,1
23644,16.65,5
23645,22.410000000000004,9
23646,19.92,8
23649,4.98,2
23650,9.96,4
23652,5.82,2
23654,12.450000000000001,5
23660,508.25999999999993,290
23661,360.59,199
23664,1.65,1
23681,1490.04,876
23694,139.16,304
23695,205.96,465
23697,128.34,288
23702,27.0,4
30086C,1.7,1
35001B,53.43000000000001,15
35001C,-10.17,-3
35001G,1352.42,368
35001P,3.49,1
35001W,1381.18,352
35004B,4252.6,805
35004C,6589.330000000001,1042
35004G,1303.32,303
35004P,638.97,120
35004S,355.28,87
35004c,343.72,27
35004p,12.72,1
35004s,13.0,1
35015,19.42,161
35051B,5.88,14
35071,30.74,26
35085E,44.25,39
35095A,244.6,441
35095B,267.92,512
35096A,86.48,156
35096B,55.519999999999996,128
35160,231.2,272
35233,37.5,10
35240,416.01,49
35241,1368.02,249
35265,80.0,21
35271S,25.73,132
35400,11693.25,1152
35443,13.6,16
35471A,388.85999999999996,252
35471D,1101.08,1003
35537,5.46,13
35591T,21.25,17
35594,103.06,165
35596,24.65,29
35597A,12.5,10
35597B,22.5,18
35597D,16.16,34
35598A,29.500000000000004,10
35598B,344.25,115
35598C,8.850000000000001,3
35598D,281.95,142
35599B,834.41,196
35599D,907.08,234
35600D,288.25,70
35603B,0.84,2
35603C,48.3,83
35607A,27.23,74
35607B,16.7,72
35609A,53.809999999999995,29
35610A,65.11,47
35610B,73.75,59
35610C,31.4,22
35611B,27.52,14
35631B,-0.19,-1
35633B,11.02,58
35637A,666.9,154
35637C,237.54,52
35638A,23.7,6
35638B,126.09,22
35644,40.95,21
35645,301.81,61
35646,533.4399999999999,234
35647,508.24,371
35648,659.54,368
35649,326.1,98
35650,14.850000000000001,3
35651,919.02,375
35652,21.5,18
35653,982.5300000000001,311
35654,59.400000000000006,12
35751C,12.61,31
35793,175.53,60
35809A,1139.02,633
35809B,227.54000000000002,104
35809a,41.54,10
35810A,1177.84,772
35810B,466.6,264
35811A,514.69,216
35815B,8.6,2
35815P,14.7,7
35816B,6.39,3
35816P,32.55,21
35817B,7.72,2
35817P,75.34,48
35818B,34.129999999999995,24
35818C,3.43,1
35818P,64.69,92
35819B,123.14,203
35819P,13.680000000000001,36
35821P,5.9,2
35823P,5.9,2
35824B,2.98,1
35824C,37.25,25
35824P,17.88,12
35832,4018.5000000000005,1290
35833G,220.66,134
35833P,342.17,185
35837,1.7,2
35838A,69.15,67
35838B,85.0,100
35840,106.28,44
35909A,59.00000000000001,20
35909B,47.2,16
35910A,103.35,53
35910B,61.07,29
35911A,405.49,316
35911B,163.69,110
35912B,202.94,144
35913B,92.39,100
35914,316.18,219
35915B,347.96999999999997,275
35915C,384.4,322
35916A,112.03999999999999,129
35916B,119.67,132
35916C,125.16999999999999,131
35918B,11.25,9
35920,152.34,110
35921,329.07,182
35922,556.19,93
35923,489.40999999999997,523
35924,1192.67,486
35930,0.38,1
35931,59.879999999999995,108
35932,15.63,37
35933,68.3,153
35936,13.68,36
35937,48.64,128
35945,1.95,1
35950,1.25,1
35951,100.23,56
35953,363.7,556
35954,295.18,392
35955,2.52,6
35957,475.02,315
35958,444.03,495
35961,3189.56,3181
35962,921.2800000000001,376
35963,17.48,46
35964,366.12,383
35965,1291.39,461
35966,83.98,183
35967,387.81,671
35968,266.44,506
35969,433.03,235
35970,8794.92,4341
35971,673.77,402
35972,311.38,200
35973,61.25,49
35974,3.75,1
35976B,-13.75,-11
35979,275.63000000000005,82
35980B,1.52,4
35980C,57.96,141
35981C,229.98,411
35991,171.6,258
35995,3.7800000000000002,5
35999,2.55,1
37112,37.5,10
37326,4.609999999999999,2
37327,373.99,373
37330,303.15999999999997,145
37333,601.1,97
37340,1386.4299999999998,791
37342,673.64,301
37343,969.68,510
37345,99.05,41
37348,30.6,12
37351,76.11,40
37352,43.75,35
37370,5540.09,2328
37379A,157.95,40
37379B,15.0,12
37399,22.5,18
37408,6.25,5
37409,5.949999999999999,7
37410,402.83,129
37413,162.81,391
37422,246.48,206
37423,225.39999999999998,192
37424,336.91999999999996,305
37432,3.9000000000000004,6
37438,3.75,1
37441,788.1,243
37444A,220.4,92
37444B,153.76000000000002,42
37444C,412.84000000000003,94
37446,2633.0,1558
37447,3506.41,2103
37448,4819.91,3043
37449,13761.869999999999,1375
37450,5962.9400000000005,2032
37451,-3.55,-1
37461,374.49,267
37462B,41.5,61
37462E,24.44,53
37464,354.86,244
37467,258.78999999999996,197
37468,39.81,65
37471,61.05,37
37474,651.05,63
37475,1160.56,116
37476,2010.6000000000001,209
37477B,37.5,10
37477C,22.5,6
37479B,174.85,101
37479P,160.08,170
37481,15.299999999999999,6
37482B,82.41,21
37482P,803.35,403
37482b,17.35,1
37482p,34.7,2
37483,51.0,20
37484,6.75,1
37485,116.25000000000001,25
37487B,2.32,8
37488A,16.82,30
37489A,46.56,46
37489B,30.419999999999998,38
37489C,26.06,27
37489D,28.86,46
37491A,48.3,18
37491B,30.08,14
37491C,33.12,18
37491D,63.28,26
37492A,71.17,22
37492B,423.82,183
37492C,195.45,73
37492D,194.59,65
37494A,503.29,124
37494a,24.16,4
37495,4103.6,1046
37500,5897.09,724
37501,3154.1000000000004,442
37502,2036.4400000000003,651
37503,18894.03,1735
37506,190.4,32
37508,229.57,89
37509,68.85,27
40001,458.89,407
40002,-5.1,-6
40003,375.92,268
40005B,28.05,33
40016,724.21,568
40018E,701.8199999999999,304
40018F,969.59,474
40046A,320.75,223
40046C,3.75,3
44089A,16.8,40
44089C,28.56,68
44091A,7.56,18
44091C,20.58,37
44092B,12.75,15
44092C,19.55,23
44217M,94.80000000000001,24
44228,20.4,24
44230,1327.8500000000001,163
44234,74.21,227
44235,20.16,48
44236,93.36000000000001,40
44241C,18.7,22
44242A,11.98,14
44242B,71.53,69
44265,34.0,8
45008C,792.0699999999999,83
45013,70.8,24
45014,4.65,1
45016,401.23,95
46000M,3205.4,2068
46000P,892.5,210
46000R,317.55,219
46000S,3001.5,2070
46000U,283.75,227
46037A,7.5,6
46115B,18.62,98
46118,401.38,241
46126A,319.99,237
46137D,44.25,15
46138B,145.24,58
46138D,1.95,1
46307,246.03,51
46775A,1027.28,82
46775B,84.75,5
46775D,1878.8899999999999,149
46775E,1282.9,101
46776A,1103.23,262
46776B,1189.23,284
46776C,830.1,198
46776D,646.14,152
46776E,587.1,145
46776F,1525.73,367
46776a,20.65,5
46776b,4.13,1
46776e,4.13,1
46776f,28.91,7
47013A,32.91,117
47013C,39.08,135
47016,14.700000000000001,7
47021G,341.5,199
47310M,691.6899999999999,457
47341A,46.25,29
47341B,67.5,48
47343A,136.54,116
47344B,56.16,54
47347B,20.16,12
47348A,52.65,79
47351B,147.50000000000003,50
47367B,689.6,193
47369A,140.4,48
47369B,153.18,54
47420,17.86,94
47421,90.3,215
47422,90.72,216
47469,79.3,122
47471,131.56,140
47480,1060.83,543
47481,167.48,182
47502,3681.8,323
47503A,432.19,669
47503E,182.5,146
47503F,102.29999999999998,62
47503G,238.17,177
47503H,225.21,135
47503J,1863.93,205
47503K,365.89,174
47504E,245.46,163
47504F,75.96,45
47504G,340.12,241
47504H,669.95,484
47504J,35.449999999999996,1
47504K,1963.94,1348
47505,2318.3700000000003,454
47518F,15.98,60
47518f,37.75,9
47552A,20.1,10
47554,2.55,1
47556,2.55,1
47556B,6225.820000000001,2061
47556b,23.64,4
47559B,4784.47,3691
47559b,511.46,154
47562,375.8,100
47563A,741.62,267
47563B,30.0,8
47566,70249.62,12674
47566B,14281.49,2859
47566b,1761.2599999999998,212
47567,-11.9,-2
47567B,6657.820000000001,1097
47567b,38.72,3
47568,3671.55,1632
47569,0.0,0
47570,1948.51,170
47570B,5551.24,494
47570b,169.4,8
47574A,619.48,342
47574B,208.25,49
47578A,279.88,307
47579,418.77000000000004,184
47580,3058.5499999999997,1076
47581B,741.02,45
47583A,100.92,3
47583B,332.6,27
47585A,1994.13,591
47586A,188.82999999999998,104
47587A,67.24,50
47589,817.98,148
47590A,12567.61,2256
47590B,15853.310000000001,2851
47590a,11.02,1
47590b,140.5,13
47591A,257.99,156
47591B,1351.83,815
47591C,1143.6299999999999,571
47591D,11400.98,5701
47591b,33.6,8
47591c,16.84,4
47591d,1016.3199999999999,202
47592A,534.47,282
47592B,131.9,67
47593A,246.67,255
47593B,748.11,925
47593a,2.51,1
47593b,4.9799999999999995,6
47594A,633.4499999999999,321
47594B,716.74,361
47594a,4.21,1
47597,644.88,322
47598,89.12,138
47599A,3551.2700000000004,1619
47599B,3014.2400000000002,1397
48103,201.73,35
48111,16541.1,2202
48116,11871.05,1593
48129,11807.76,1604
48138,47571.05,6605
48173A,6.75,1
48173C,10554.460000000001,1452
48173c,1123.55,70
48175,6.04,1
48179,214.47,34
48184,19918.66,2696
48185,25266.56,3122
48187,28938.74,3918
48188,14361.75,1887
48189,5654.78,711
48194,29841.39,3877
48195,1120.99,145
48197,4426.28,556
51008,1678.6,488
51012C,150.0,120
51012L,11.25,9
51014A,1684.3999999999999,2307
51014C,1188.56,1578
51014L,971.4699999999999,1357
51014c,0.83,1
51020A,128.65,149
51020B,191.98,182
62018,808.65,419
62043B,28.129999999999995,25
62074B,15.96,38
62086A,161.85,83
62094B,466.73999999999995,130
62095B,127.23,76
62096A,467.78999999999996,283
62096B,404.49,227
62097A,8.850000000000001,3
62097B,13.37,11
70006,1952.1599999999999,1052
70007,1279.6999999999998,652
71028B,45.84,16
71038,3048.8,560
71050,17.849999999999998,51
71053,11695.789999999999,2739
71101A,5.1,6
71101E,331.5,390
71143,468.78,294
71215,34.02,81
71270,360.4,238
71279,875.5100000000001,257
71403,650.1500000000001,174
71406C,89.92,210
71434B,5.1,2
71459,6440.589999999999,6572
71477,9136.57,2477
71495A,18.419999999999998,32
71495B,25.169999999999998,54
71496A,46.25,52
71496B,8.67,15
71510,48.449999999999996,57
72008,511.46,1196
72023F,354.02,280
72024U,0.84,4
72045D,66.89,35
72051S,96.62,139
72083A,50.400000000000006,24
72084B,3.9,2
72122,524.93,514
72127,262.12,208
72128,230.07999999999998,246
72129,49.11000000000001,74
72130,129.83,189
72131,241.79999999999998,124
72132,87.75,45
72133,113.51,85
72134,63.089999999999996,63
72140E,63.709999999999994,73
72140F,43.26,103
72225C,1.74,6
72225D,0.58,2
72232,107.92000000000002,568
72267,367.92,169
72349B,2400.4700000000003,1078
72349b,848.41,204
72351A,3748.78,1727
72351B,4894.56,2265
72351a,154.89,37
72369A,101.28999999999999,67
72484,349.42,266
72487,54.089999999999996,35
72529W,418.27000000000004,176
72529w,4.3,1
72586,233.94,455
72598,675.7199999999999,608
72606A,41.58,99
72708,9.24,44
72709,62.9,74
72715,36.96,88
72724,45.0,36
72728,362.95,427
72739B,117.78999999999999,70
72739C,108.08,74
72740A,111.22999999999999,41
72740B,5.06,1
72741,12119.21,7907
72750A,248.15,117
72750B,551.7,246
72750C,222.9,102
72750D,164.1,78
72751A,5.95,1
72751B,5.95,1
72751C,5.95,1
72752A,4.25,1
72752B,12.75,3
72753A,207.24,85
72753B,182.83,76
72753C,107.68,43
72753D,117.6,56
72754A,18.59,11
72754B,43.94,26
72754D,1.69,1
72755C,184.5,126
72755D,158.25,105
72756,1582.38,1062
72760B,13250.199999999999,1327
72771B,28.759999999999998,50
72771C,32.0,30
72772,60.84,13
72779,81.12,48
72780,243.1,286
72781,135.78,67
72783,90.30000000000001,43
72785A,16.8,8
72785B,10.9,9
72789,424.03,112
72793,262.8,54
72796A,18.15,11
72796B,44.55,27
72796C,1.65,1
72798C,53.11,28
72799A,171.60000000000002,72
72799B,167.71,82
72799C,393.1,159
72799D,199.47,54
72799E,1957.9800000000002,698
72799F,1121.5400000000002,381
72800A,250.54,110
72800B,599.92,263
72800C,558.36,264
72800D,636.78,270
72800E,2276.74,1088
72800F,586.43,282
72801C,258.6,192
72801D,279.61,193
72801E,92.51,73
72801F,262.5,210
72801G,322.6,243
72801c,153.67,62
72801d,254.98,103
72801e,17.57,7
72801g,25.099999999999998,10
72802A,3078.45,729
72802B,3096.45,717
72802C,4827.0199999999995,1120
72802a,74.97,9
72802c,8.29,1
72803A,1241.06,288
72803B,399.38,90
72803b,8.47,1
72805,16.9,10
72807A,2944.95,593
72807B,3109.55,659
72807C,4661.43,981
72807a,74.78999999999999,9
72807b,220.94000000000003,26
72807c,511.98,60
72811,165.25,109
72812,288.46000000000004,105
72814,818.82,216
72815,1053.36,274
72816,785.17,495
72817,1043.3799999999999,806
72818,529.17,668
72819,838.01,334
72821,95.69999999999999,58
75011,74.83,61
75013B,426.91999999999996,229
75049L,2051.3,1214
75131,393.21999999999997,236
75149N,220.0,176
75172,71.87,61
75178,92.49,65
77079,135.68,64
77081,175.37,121
77101A,385.49,278
78026,139.95,12
78027,100.15,6
78033,352.75,73
78034B,29.25,15
78056,12.849999999999998,1
78124,159.61,82
79000,2956.69,2771
79026B,89.25,69
79029,2630.87,1237
79030A,438.25,171
79030D,364.21,312
79030G,906.3899999999999,479
79051A,154.98,290
79051a,6.04,1
79062D,12.440000000000001,28
79063C,18.05,95
79063D,9.54,49
79065A,29.849999999999998,3
79066K,811.93,849
79066k,42.71,26
79067,5034.2,1175
79070b,11.26,1
79071B,433.70000000000005,142
79072,2933.95,269
79140,6.3,15
79144B,154.39,278
79144C,153.5,234
79149B,12.18,29
79151B,4.62,11
79157B,4.25,5
79157V,4.25,5
79160,1198.89,491
79161A,150.45000000000002,51
79163,479.78999999999996,299
79164,1194.9199999999998,428
79172D,20.4,24
79190A,324.38,696
79190B,385.46,824
79190D,294.48,636
79191B,259.05,279
79191C,593.43,646
79191D,132.01,125
79192A,112.64,82
79301,-20.0,-8
79302M,1434.63,491
79302m,23.77,4
79303A,5.9,2
79303B,74.07,19
79303D,154.45,38
79315W,130.66,36
79320,2333.78,430
79321,23729.28,3669
79323B,-1.0499999999999972,-13
79323G,525.38,54
79323GR,1022.26,148
79323LP,2017.89,285
79323P,4556.38,632
79323S,638.37,83
79323W,5357.97,747
79328,40.36,14
79329,38.58,28
79331,73.6,60
79336,66.16,41
79337,66.55,48
79338,51.64999999999999,25
79340P,-15.9,-2
79340W,-45.3,-6
79341,1249.09,153
79342B,532.7,68
79342b,13.57,1
79403,177.76999999999998,191
79406,23.38,67
79413,37.5,30
79532,90.0,72
79534,63.800000000000004,116
81950B,111.39,165
81950V,18.799999999999997,32
81952B,65.56,154
81952V,131.37,314
81953B,4.64,14
81953P,9.57,33
81985A,58.64999999999999,23
82001S,2761.67,635
82001s,932.98,125
82011A,242.83,58
82011B,348.8,93
82011C,595.1800000000001,131
82011E,7.5,2
82069,109.85,17
82072,6.25,5
82076,64.89,19
82081,336.3,115
82093,193.49,67
82095,476.91,75
82482,25842.72,9487
82483,26510.32,4459
82484,28733.58,4097
82486,35192.58,4347
82494L,29689.410000000003,9772
82494l,2588.44,311
82545A,38.75,31
82551,4543.04,3139
82552,5101.44,3683
82553,158.53,66
82567,2496.88,1206
82578,1806.14,3025
82580,3660.2400000000002,5887
82581,2363.26,4000
82582,7772.240000000001,3574
82583,13699.800000000001,5240
82585,170.01999999999998,104
82587,151.78,116
82597,2188.8900000000003,991
82599,4602.4400000000005,2021
82600,12717.470000000001,5828
82605,595.07,268
82607A,760.24,512
82607C,175.60999999999999,115
82607E,125.0,100
82613A,633.72,465
82613B,950.72,815
82613C,783.91,688
82613D,1265.06,1146
82613a,7.4799999999999995,3
82613b,35.04,14
82613c,32.48,13
82615,705.57,230
82616A,384.21000000000004,124
82616B,633.35,332
82616C,690.35,365
84006,1013.8699999999999,1004
84007,351.91999999999996,133
84012,1195.47,606
84016,3479.71,271
84029C,577.39,140
84029D,113.18,27
84029E,17675.26,3920
84029G,15762.07,3300
84029c,7.78,1
84030B,18.75,5
84030C,52.78,13
84030E,6061.9,1329
84030b,8.46,1
84030c,248.0,32
84030e,979.4000000000001,120
84031A,3482.03,675
84031B,2578.58,538
84031a,16.63,1
84031b,16.63,1
84032A,6439.4800000000005,1886
84032B,5162.31,1621
84033,502.73,251
84050,5581.15,2960
84051,401.68,444
84077,259.29,561
84078A,32610.960000000003,808
84081,140.97,27
84086B,67.85000000000001,23
84086C,725.45,243
84192,220.22,178
84199,38.88,182
84201B,7.41,39
84201C,1.9,10
84205C,0.38,2
84206A,10.450000000000001,55
84206B,1.71,9
84206C,1.9,10
84212,591.07,728
84218,400.15999999999997,200
84219,147.85999999999999,57
84226,36.55,43
84227,30.24,72
84228,70.92999999999999,137
84231,166.21,230
84247C,141.60000000000002,48
84247E,558.1500000000001,198
84247G,390.99,898
84247H,76.68,31
84247J,12.780000000000001,10
84247K,130.23000000000002,40
84247L,417.57,945
84247N,200.13000000000002,80
84249A,98.1,216
84249D,235.7,547
84250M,15.9,28
84251B,82.56,307
84251C,76.68,247
84251F,79.41000000000001,317
84251G,127.56,472
84251J,26.96,50
84255A,4.2,2
84255B,190.16,65
84270,152.98,366
84279B,2525.01,647
84279P,3540.19,873
84288B,115.05,59
84292,378.03000000000003,43
84292B,51.8,8
84306,557.4799999999999,48
84311,18.15,11
84313A,212.42,38
84313B,1066.54,177
84313C,705.29,170
84327A,851.1100000000001,403
84340,65.76,21
84341B,324.78,363
84347,11104.0,3595
84352,3386.93,199
84356,2329.54,420
84358,733.48,69
84360,789.49,143
84366,11.25,3
84367,126.29999999999998,74
84371,257.1,30
84375,9465.03,4282
84378,10010.98,7236
84380,9295.789999999999,6286
84387A,21.45,11
84388,85.74,68
84396,768.22,238
84402B,12.43,13
84402D,56.330000000000005,17
84405A,910.61,104
84406B,13098.23,3801
84406b,13.82,2
84414B,333.94,44
84415A,71.25,27
84415B,80.0,24
84422,183.73999999999998,205
84424A,86.25,23
84425A,76.6,18
84427B,72.25,17
84429A,371.78000000000003,109
84437A,90.94999999999999,106
84447,72.42,69
84450A,22.5,48
84450B,74.47,115
84452,172.56,182
84454,85.53,93
84455,77.96,85
84456,22.95,25
84457,278.72999999999996,291
84458,105.39999999999999,124
84459A,1329.25,723
84459B,1718.73,995
84461,225.73999999999998,88
84462,51.26,40
84464,81.6,32
84465,96.51,32
84466,335.40999999999997,221
84467,10183.61,483
84469,983.86,235
84472,1610.42,35
84482,255.52,65
84493,20.4,8
84497,387.13,97
84499,180.01,182
84507B,795.38,286
84507C,369.44,135
84508A,517.98,203
84508B,438.46,163
84508C,277.27,102
84509A,5070.24,1246
84509B,2154.47,549
84509C,873.5600000000001,205
84509E,188.36,53
84509F,458.1,117
84509G,1644.65,514
84509a,844.74,113
84509b,37.3,5
84509c,505.26,67
84509e,15.24,2
84509g,14.92,2
84510A,2978.39,2151
84510B,1004.55,729
84510C,401.59,274
84510E,79.77,48
84510F,130.25,97
84510a,185.7,75
84510b,2.15,1
84510c,138.85999999999999,56
84510e,35.089999999999996,14
84519A,1414.3500000000001,514
84519B,1289.1200000000001,512
84520B,3710.7699999999995,3789
84520D,476.03,483
84520b,164.52999999999997,73
84522,115.06,62
84526,180.64,88
84527,106.50999999999999,53
84529A,290.78,50
84529B,62.35,13
84529C,414.74,78
84531A,160.0,167
84531B,154.65,170
84532B,417.58,54
84533B,377.93,59
84534B,689.7099999999999,718
84534b,8.3,5
84535A,212.53,287
84535B,1352.47,1925
84536A,1629.49,3505
84536B,1066.53,2196
84536a,19.970000000000002,25
84536b,6.48,8
84537B,28.56,68
84539,90.75,55
84546,34.64999999999999,21
84548,79.19999999999999,48
84549,102.47,51
84550,24.749999999999996,15
84551,64.35,39
84555A,133.85000000000002,47
84558A,1902.5100000000002,635
84558a,125.17,21
84559A,912.2199999999999,994
84559B,795.25,881
84559D,126.71,147
84559a,95.69999999999999,57
84559b,53.54,32
84559d,3.38,2
84562A,1370.3100000000002,168
84562B,106.59,10
84563A,685.15,139
84563B,590.04,128
84564,175.48000000000002,21
84567,14.85,9
84568,843.04,1983
84569A,671.17,537
84569B,555.93,432
84569C,568.68,402
84569D,1076.29,854
84570B,19.8,4
84572,8.49,1
84575A,92.85,23
84575B,23.8,4
84576,337.04,96
84578,854.91,222
84580,4036.94,1053
84581,1920.02,506
84582,59.5,14
84584,696.75,282
84586L,44.25000000000001,15
84592,536.4000000000001,173
84593,73.75,25
84595B,52.5,14
84595E,324.28,126
84596B,2826.83,3853
84596E,893.04,811
84596F,2224.08,3045
84596G,998.92,1426
84596I,21.259999999999998,16
84596J,436.4,428
84596K,389.52,283
84596L,697.76,878
84596b,25.099999999999998,10
84596e,67.77,27
84596f,46.89,19
84596g,12.399999999999999,5
84596j,5.02,2
84596l,2.46,1
84597B,205.22,154
84597C,315.18,240
84598,508.46,1249
84599,160.15,15
84600,895.4200000000001,105
84601A,195.84,62
84608,31.799999999999997,4
84609,1272.24,141
84611B,23.8,4
84612B,51.0,20
84613A,97.65,21
84613C,120.9,26
84614A,112.93,15
84614C,17.85,3
84615,276.7,84
84616,1352.82,68
84617,140.25,11
84619,1622.96,72
84620,746.61,121
84621,247.26,29
84622,146.65,22
84623,310.44,56
84625A,588.45,149
84625B,166.8,48
84625C,422.45000000000005,114
84625D,300.29,107
84626,45.95,1
84627,249.9,42
84629,232.85,23
84630,15.9,2
84631,731.31,105
84632,799.3000000000001,14
84637,914.49,153
84638,776.75,176
84648,12.75,1
84653,750.48,14
84656,130.9,22
84657,288.13,107
84658,1160.06,190
84659A,1346.36,530
84660A,459.72,398
84660B,496.14,295
84660C,657.58,365
84660a,52.699999999999996,7
84660b,53.18,7
84660c,233.98,31
84661A,239.86999999999998,126
84661B,292.77,132
84661C,126.23,78
84661a,10.02,2
84661b,4.96,1
84661c,10.12,2
84663A,535.33,207
84664,930.6,188
84665,1305.2,216
84666,584.6,148
84670,330.64,692
84671B,306.77,109
84673A,150.03,211
84673B,234.66,262
84674,946.4800000000001,309
84675,490.51000000000005,150
84676,1222.7900000000002,403
84678,725.38,267
84679,97.35,13
84680,158.75,25
84682,369.24,121
84683,222.79999999999998,152
84684,270.2,87
84685,1237.42,336
84686,727.0400000000001,200
84687,967.61,203
84688,802.07,153
84689,455.75,151
84690,198.75,25
84691,1105.3999999999999,1209
84692,2278.54,2577
84705A,65.10000000000001,14
84705B,9.52,1
84705C,47.33,18
84705D,97.9,22
84705F,37.2,8
84705b,6.86,2
84706A,72.38,7
84706B,170.82999999999998,18
84706C,8.95,1
84706D,123.83999999999999,26
84706F,199.35,33
84707A,1045.8799999999999,125
84707B,578.72,75
84708B,732.7900000000001,142
84709A,136.85,23
84709B,896.9300000000001,151
84711A,390.95,42
84711B,357.71,39
84712B,767.1600000000001,98
84715,734.8900000000001,241
84720,147.05,35
84721,87.8,20
84723,106.8,24
84725,97.69999999999999,62
84726,36.8,16
84731,3.69,3
84732B,18.48,28
84732D,10.89,15
84741C,372.14,185
84743C,11.25,9
84744,158.77,125
84745A,30.240000000000002,72
84745B,34.86,83
84746,72.06,23
84748,804.3199999999999,258
84750A,797.13,312
84750B,641.23,312
84751B,107.57,35
84753A,92.16999999999999,97
84754,1556.53,1133
84755,7934.5,11070
84757,74.75,5
84760S,325.40999999999997,198
84761,698.05,244
84762A,422.98,48
84762B,837.77,113
84762C,761.25,105
84763,1355.98,1035
84765,114.72999999999999,7
84766,382.4,112
84767,58.22,8
84770,177.35000000000002,53
84773,554.6,188
84782A,763.95,113
84782B,127.5,10
84782C,459.8,68
84789,1339.59,373
84791,1007.2300000000001,304
84792,7348.26,1508
84795A,1529.22,184
84795B,2379.09,298
84795C,2577.84,300
84795D,1531.8400000000001,188
84795E,79.5,10
84795b,317.71999999999997,19
84796A,1741.15,200
84796B,3854.64,427
84796a,234.28,28
84796b,17.12,2
84797A,1408.57,165
84797B,1157.9,189
84797a,198.84,18
84797b,232.62,21
84798A,99.44999999999999,39
84798B,86.69999999999999,34
84798C,40.8,16
84799,202.5,162
84800L,260.76,123
84800M,174.07,103
84800S,77.5,62
84801A,218.40000000000003,104
84801B,298.20000000000005,142
84802A,190.97,113
84802B,86.19,51
84803A,184.21,109
84803B,55.769999999999996,33
84804A,192.38000000000002,74
84804B,274.98,102
84805A,131.25,51
84805B,75.0,28
84806A,79.74999999999999,55
84806B,165.29999999999998,114
84807,104.78,62
84809A,348.6,166
84809B,168.0,80
84813,2576.91,299
84814A,1.95,1
84814B,13.65,7
84815,577.82,118
84816,937.7500000000001,24
84817,542.8800000000001,272
84818,1219.72,537
84819,1135.58,648
84820,733.67,213
84821,403.26,466
84823,1170.0500000000002,119
84824,660.5,37
84826,63.199999999999996,82
84827,37.39,67
84828,2214.47,1638
84830,144.3,10
84832,3702.27,3931
84836,12055.94,9400
84837,3210.04,251
84838,42.5,5
84839,7049.95,1081
84840,2405.32,279
84842,268.95,65
84843,1551.76,242
84845A,1.25,1
84845C,48.75,39
84845D,51.25,41
84846A,517.1500000000001,227
84847,413.17,98
84849A,682.54,367
84849B,2265.29,1275
84849D,1882.64,1075
84854,1565.22,260
84855,196.70000000000002,36
84856L,1213.28,178
84856S,410.36,82
84857A,68.0,8
84857B,-3.9,-2
84857C,302.68,124
84858A,77.58,12
84858B,29.75,5
84858C,234.82,46
84859A,551.03,243
84859B,153.46,58
84859C,397.71999999999997,180
84864A,67.71000000000001,7
84865,639.42,77
84867A,105.82000000000001,16
84867a,13.57,1
84867b,27.14,2
84868A,13.9,2
84868B,20.85,3
84869,366.19,129
84870B,318.86,89
84870C,330.36,93
84872A,1983.54,177
84872a,636.47,58
84873A,394.15,32
84873a,973.36,88
84874B,141.76,86
84875A,60.0,16
84875B,361.01,253
84875D,363.75,275
84876B,128.31,56
84876C,22.5,6
84876D,238.02,65
84877A,155.66,50
84877B,144.57,47
84877D,194.49,62
84879,36804.56,20681
84880,7875.6900000000005,1324
84881,336.59,51
84882,289.43,66
84884A,4226.2300000000005,1017
84884a,410.89,49
84886,119.39999999999999,12
84891B,87.45,11
84893,186.35000000000002,33
84898F,352.75,165
84899E,72.68,52
84899F,192.17,121
84901,471.13,123
84902,326.33,84
84905,887.91,173
84906,305.52000000000004,65
84907,278.57,39
84908A,289.41,47
84908B,303.49,51
84909A,1930.55,141
84910A,735.39,132
84912A,1796.44,494
84912B,1872.64,525
84912a,15.56,2
84913A,2211.54,608
84913B,1588.64,419
84914A,155.7,6
84915,284.56,94
84916,521.4300000000001,161
84917,519.43,201
84918,840.82,134
84919,490.84,71
84920,805.38,201
84921,101.25,27
84922,208.22,42
84923,1017.64,234
84924A,571.0,133
84924D,86.61,20
84924F,34.55,15
84925A,94.49,35
84925C,71.39999999999999,28
84925D,94.35,37
84925E,7.6499999999999995,3
84925F,167.35,82
84926A,103.0,88
84926B,37.5,30
84926C,182.1,132
84926D,122.47,101
84926E,109.63,111
84926F,150.94,100
84927A,141.5,79
84927D,135.87,86
84927E,189.39000000000001,108
84927F,231.83,233
84929,111.59,269
84931A,513.6899999999999,204
84931B,604.5799999999999,241
84932A,384.2,150
84932B,245.29999999999998,109
84932C,544.5,249
84932D,354.36,126
84933A,112.75,35
84933B,107.55,40
84933C,128.0,46
84934,7.65,6
84937,1772.1200000000001,630
84942,5.07,3
84944,2389.68,703
84945,3787.16,3929
84946,17412.82,11662
84947,5494.75,3966
84948,373.40999999999997,221
84949,6906.15,3918
84950,1922.17,2323
84951A,565.1999999999999,298
84951B,595.01,337
84951b,51.26,10
84952A,372.13,124
84952B,306.34,115
84952C,392.11,116
84962,179.85000000000002,3
84963A,763.35,23
84963B,591.5,18
84964A,630.0,11
84964B,990.0,17
84965A,1050.0,20
84965B,1359.95,27
84966A,225.95,13
84966B,428.0,33
84966C,276.0,23
84967A,94.95,2
84967B,1109.5,21
84967C,419.85,9
84968A,5359.38,423
84968B,5066.41,372
84968C,6001.45,489
84968D,3015.7599999999998,255
84968E,2337.08,191
84968F,3308.97,274
84968a,150.82,6
84968b,50.98,2
84968d,100.37,4
84968e,404.13,16
84968f,50.98,2
84969,4156.68,940
84970L,7830.089999999999,7185
84970S,9361.859999999999,9759
84970l,356.1,170
84970s,784.04,373
84971L,449.62,344
84971S,998.6899999999999,931
84971l,4.92,2
84971s,9.959999999999999,6
84972L,462.15000000000003,117
84974,869.5999999999999,88
84975,1694.19,937
84976,398.74,324
84977,281.33,223
84978,13245.91,9205
84984A,177.82,44
84984B,182.0,40
84984C,151.16,32
84984D,279.91,59
84985A,836.88,519
84985B,90.55999999999999,56
84985a,29.8,10
84985b,2.98,1
84986B,465.05999999999995,312
84986b,17.88,6
84987,7020.2,4559
84988,7825.889999999999,4587
84989A,144.55,196
84989B,84.15,121
84989a,150.57,74
84989b,12.8,10
84990,214.91000000000003,336
84991,2477.15,3400
84992,1904.3700000000001,2471
84993A,144.60999999999999,271
84993B,102.54,215
84993a,42.71,51
84993b,16.99,20
84997A,8553.27,2156
84997B,16391.52,4174
84997C,14558.710000000001,3735
84997D,16959.53,4270
84997a,1481.78,178
84997b,4119.29,490
84997c,2958.87,353
84997d,3097.3799999999997,371
85006,278.51000000000005,129
85007,385.67,140
85008,996.0200000000001,235
85014A,11860.78,1951
85014B,17396.48,2789
85014C,1025.13,163
85014D,1437.25,238
85014a,416.12,33
85014b,491.42,39
85015,1205.6,532
85016,1266.6799999999998,520
85017A,406.71,485
85017B,746.59,1079
85017C,385.22999999999996,475
85018A,63.75,15
85018B,63.75,15
85018C,25.5,6
85018D,320.84999999999997,118
85019A,165.04,47
85019B,142.47,46
85019C,120.19,27
85020,432.68,192
85023A,53.55,21
85023B,374.84999999999997,147
85023C,56.099999999999994,22
85024A,1.65,1
85024B,122.1,74
85024C,161.7,98
85025B,651.1999999999999,350
85025C,840.7599999999999,463
85026B,151.54999999999998,165
85027L,425.4,132
85028L,280.51,77
85028S,230.67,95
85030,258.0,80
85031A,523.44,141
85031B,416.09000000000003,112
85031C,627.48,169
85032A,692.9100000000001,685
85032B,595.74,646
85032C,588.99,550
85032D,660.12,512
85033G,307.8,131
85033S,230.9,173
85034A,1235.55,355
85034B,1186.08,407
85034C,1432.64,619
85034a,24.869999999999997,3
85034b,8.29,1
85035A,1679.0,424
85035B,1179.42,363
85035C,1590.72,579
85035a,25.410000000000004,3
85035b,50.82000000000001,6
85035c,16.94,2
85036A,2109.39,545
85036B,1246.78,430
85036C,1172.3700000000001,463
85036a,16.58,2
85036b,16.94,2
85038,3215.57,1419
85039A,1056.8999999999999,629
85039B,1334.6799999999998,789
85039C,371.89,198
85039a,212.45,64
85039b,13.44,4
85040A,3051.2899999999995,1685
85040B,1688.1299999999999,994
85040a,169.75,51
85040b,23.519999999999996,7
85041,611.0899999999999,351
85042,4745.16,933
85043,-9.9,-2
85044,569.8,95
85045,1266.8400000000001,243
85047,4348.83,641
85048,16141.18,1964
85049A,4592.09,3430
85049B,2095.66,1658
85049C,3157.4,2488
85049D,2455.32,1934
85049E,5633.18,4185
85049F,2052.61,1623
85049G,3539.17,2776
85049H,1800.9,1574
85049a,738.92,222
85049b,9.94,4
85049c,2.46,1
85049d,4.92,2
85049e,728.61,219
85049g,281.44,115
85053,3236.9900000000002,1392
85054,2228.3700000000003,767
85055,1301.34,311
85059,2228.29,643
85060,735.72,558
85061W,1430.01,1364
85062,3985.6099999999997,2305
85063,4366.04,242
85064,4120.54,727
85065,6967.54,566
85066,28633.41,2174
85067,5176.63,266
85068,4447.63,559
85069,-50.849999999999994,-3
85070,195.0,2
85071A,444.99,369
85071B,530.0200000000001,462
85071C,478.43,349
85071D,319.18,284
85077,5.95,1
85078,594.41,433
85079,32.25,23
85080,55.76,113
85081,46.17,104
85083,-2.55,-1
85084,355.47999999999996,346
85086A,548.3299999999999,563
85087,1325.54,394
85088,508.33000000000004,235
85089,317.54,99
85090,522.08,98
85091,304.01,55
85092,195.07,49
85093,791.78,686
85094,254.5,363
85095,243.49,150
85096,673.17,163
85097B,378.57,94
85098B,1164.14,270
85099B,58086.38,26657
85099C,25448.64,11451
85099F,23722.94,11385
85099b,376.06,76
85099c,85.17,17
85099f,844.3199999999999,167
85103,1653.18,234
85104,492.09000000000003,151
85106,541.09,203
85107,931.6299999999999,339
85109,117.82999999999998,131
85110,52.459999999999994,54
85111,205.95,327
85112,210.01999999999998,130
85113,510.54,237
85114A,985.5999999999999,508
85114B,2326.7999999999997,1152
85114C,1784.26,867
85114a,185.64000000000001,56
85114b,186.76000000000002,56
85114c,612.64,185
85115B,37.62,6
85116,1111.84,674
85117,408.71999999999997,219
85118,391.53,291
85119,294.03999999999996,173
85121B,843.24,75
85121C,901.91,96
85123A,82644.93000000001,27100
85123a,2238.96,338
85123b,6.04,1
85124A,941.13,333
85124B,847.5699999999999,311
85124C,957.39,348
85124a,50.599999999999994,10
85124b,10.23,2
85124c,15.18,3
85125,1132.46,228
85126,751.76,104
85127,1574.0600000000002,237
85128,8.55,3
85129A,434.15999999999997,336
85129B,289.67,209
85129C,330.23,246
85129D,1042.31,672
85130A,740.6899999999999,421
85130B,333.69,191
85130C,255.48999999999998,179
85130D,576.29,356
85131A,1045.03,1035
85131B,531.92,620
85131C,219.82999999999998,223
85131D,879.9,998
85132A,3737.72,919
85132B,1735.43,521
85132C,3968.64,1328
85132a,135.13,10
85132b,95.83999999999999,10
85132c,46.099999999999994,4
85135A,722.79,90
85135B,1210.6100000000001,149
85135C,1302.02,160
85136A,1113.3300000000002,137
85136B,465.82,58
85136C,1435.27,177
85141,1224.39,171
85142,494.63,56
85144,905.5999999999999,220
85145,770.8,88
85146,599.38,118
85147,292.05,59
85150,12421.49,4615
85151,55.0,44
85152,14649.430000000002,6750
85157,12.72,1
85159A,1010.73,353
85159B,1073.4099999999999,404
85159b,13.0,1
85160A,340.55,152
85160B,254.41,198
85160a,129.04,8
85160b,16.13,1
85161,825.95,49
85162A,80.75999999999999,27
85162B,23.4,12
85162C,390.9,160
85163A,1058.17,103
85163B,1255.9099999999999,114
85164B,1812.4299999999998,139
85164b,26.04,1
85165,872.76,90
85166A,80.15,16
85166B,339.1,90
85167A,132.05,29
85167B,622.94,152
85168A,218.89999999999998,22
85168B,652.17,72
85169A,932.47,727
85169B,442.67,332
85169C,283.09999999999997,225
85169D,483.3,373
85170A,695.57,287
85170B,357.11,155
85170C,777.33,326
85170D,978.64,404
85171,2.55,1
85172,735.02,1475
85173,1083.0,413
85174,5996.41,1162
85175,1819.0,3495
85176,1300.1599999999999,1366
85177,697.2099999999999,787
85178,2408.07,1909
85179A,437.12,166
85179B,530.82,108
85179C,227.15,92
85179a,11.780000000000001,2
85180A,1097.3500000000001,386
85180B,734.28,232
85183A,1036.0,543
85183B,1368.26,727
85184B,38.35,13
85184C,2930.86,906
85184D,552.99,170
85184c,35.35,6
85184d,5.91,1
85185B,1656.91,520
85185C,171.10000000000002,58
85185D,574.9100000000001,171
85185E,6.700000000000002,2
85185F,109.15,37
85186A,196.99,309
85186B,5.88,14
85186C,221.39,360
85187,677.28,383
85188A,254.34,269
85188B,191.67999999999998,196
85189,100.71,108
85190,56.16,60
85192S,1.9500000000000002,3
85194L,782.9399999999999,837
85194S,302.39,423
85195,105.10000000000001,49
85196,339.40000000000003,568
85197,380.1,181
85198,389.14,439
85199L,996.84,1389
85199S,974.16,1662
85200,1004.09,793
85202,376.41,744
85203,386.97,792
85204,177.1,504
85205A,168.29999999999998,66
85205B,669.38,241
85206A,2525.4199999999996,1468
85206B,1427.6999999999998,826
85208,674.7,324
85211,334.27,193
85212,492.47999999999996,695
85213,385.46999999999997,453
85214,886.2299999999999,514
85215,400.05,447
85216,1189.19,1258
85217,908.5400000000001,1102
85218,-4.35,-3
85219,-4.949999999999999,-3
85220,4.9499999999999975,3
85221,291.14,223
85222,726.1300000000001,336
85224,432.40000000000003,192
85225,22.5,19
85226A,499.37,812
85226C,241.51000000000002,365
85227,2067.24,2152
85230B,9.28,32
85230E,6.09,21
85230F,5.22,18
85231B,1571.22,1674
85231E,379.63,427
85231G,955.29,1062
85231L,433.95,499
85231b,6.58,4
85231e,1.66,1
85231g,9.78,6
85232A,1527.48,295
85232B,7799.9800000000005,1440
85232C,4.95,1
85232D,2756.3100000000004,496
85232a,20.34,2
85232b,254.47,25
85232d,10.17,1
90000A,198.98000000000002,33
90000B,171.34,28
90000C,12.32,2
90000D,313.75,51
90001A,46.6,11
90001B,50.870000000000005,12
90001C,46.7,11
90001D,84.96000000000001,20
90002A,135.0,36
90002B,82.74,22
90002C,116.88,31
90002D,195.74,52
90002E,56.519999999999996,15
90003B,139.56,37
90003C,165.29,44
90003D,199.92,53
90003E,105.31,28
90004A,3.75,1
90005A,216.87,106
90010A,390.15,43
90010B,569.0699999999999,62
90010E,465.84999999999997,52
90011A,44.28,15
90011B,59.06,20
90011C,35.33,12
90011D,14.75,5
90011E,23.61,8
90012A,74.38,13
90012B,85.9,17
90013A,404.27,107
90013B,428.92,104
90013C,349.8,87
90013D,178.11,46
90013E,8.57,2
90014A,502.01,55
90014B,333.71,34
90014C,284.67999999999995,29
90016A,207.86,29
90016B,312.14,37
90016C,144.07,17
90018A,312.74,74
90018B,164.62,39
90018C,114.26,27
90019A,354.59000000000003,68
90019B,168.62,32
90019C,213.38,40
90020,76.23,6
90021,59.75,5
90022,120.92,32
90023,131.74,31
90024A,42.5,5
90024B,195.24,23
90024C,93.48,11
90024D,127.5,15
90024E,135.98,16
90024F,67.61,8
90025A,7.5,2
90025B,11.29,3
90025C,22.56,6
90025D,18.69,5
90025E,26.5,7
90025F,30.23,8
90026A,93.47,11
90026B,67.82,8
90026C,67.82,8
90026D,85.0,10
90027A,26.52,9
90027B,38.28,13
90027C,41.17,14
90027D,72.18,23
90028,244.79,29
90029,186.64,22
90030A,89.76,55
90030B,268.08000000000004,115
90030C,127.30000000000001,63
90031,47.9,28
90032,271.88,48
90033,55.879999999999995,22
90034,50.48,5
90035A,257.55,24
90035B,75.25,7
90035C,301.0,28
90036A,215.76000000000002,27
90036B,143.1,18
90036C,246.83,31
90036D,302.29,38
90036E,358.87,45
90036F,192.17000000000002,24
90037A,66.31,26
90037B,71.17,28
90037C,66.08,26
90037D,35.87,14
90038A,135.8,36
90038B,79.19,21
90038C,71.46000000000001,19
90039A,37.61,10
90039B,78.99,21
90039C,86.65,23
90039D,162.66,43
90040A,196.55,50
90040B,255.97,71
90040C,136.25,38
90040D,148.87,41
90041,25.67,7
90042A,160.79,63
90042B,43.349999999999994,17
90042C,150.20999999999998,59
90043,54.510000000000005,10
90046,54.45,11
90048,109.39,21
90049,79.59,13
90050,56.260000000000005,8
90051,105.72,15
90052,49.58,7
90053,25.23,10
90054,43.019999999999996,17
90055,25.28,10
90056,207.94,19
90057,15.0,4
90058B,0.76,2
90059A,147.07999999999998,88
90059B,34.97,21
90059C,58.279999999999994,35
90059D,96.83999999999999,58
90059E,78.41,47
90059F,69.97,42
90060B,35.7,6
90060C,41.65,7
90060D,71.4,12
90060F,166.14000000000001,28
90062,2527.67,199
90063A,178.48,21
90063B,170.17000000000002,20
90064A,79.14,20
90064B,75.0,20
90065A,173.24,25
90065B,154.87,22
90066A,33.75,5
90067A,97.24000000000001,33
90067B,47.120000000000005,16
90068,15.0,2
90069,82.5,11
90070,331.6,54
90071,108.99,87
90072,176.31,44
90073,250.34,50
90074,64.09,7
90075,92.17999999999999,10
90076,30.45,11
90077,14.399999999999999,5
90078,67.64,9
90079,104.77000000000001,21
90081A,242.8,49
90081B,34.650000000000006,7
90081C,250.47000000000003,50
90082A,353.71,55
90082B,368.29999999999995,58
90082C,19.93,3
90082D,651.65,101
90083,48.08,52
90084,44.199999999999996,52
90085,109.78,116
90086,143.07,132
90087,152.57999999999998,141
90088,45.05,52
90089,91.89999999999999,104
90090,63.669999999999995,70
90091,2.55,3
90092,44.16,51
90093,91.39,122
90094,187.61999999999998,74
90095,22.909999999999997,8
90096,243.60999999999999,104
90098,285.97999999999996,131
90099,129.69,42
90100,76.5,30
90101,115.86,46
90102,16.11,19
90103,110.85,44
90104,108.11,129
90108,90.13000000000001,75
90111,7.35,7
90112,91.25,84
90114,407.08,163
90115,278.96,108
90116,225.51999999999998,106
90118,92.08999999999999,36
90119,243.07,97
90120A,395.68,93
90120B,451.44,107
90120C,462.32,109
90120D,452.88,107
90121B,68.0,16
90122A,273.89,55
90122B,228.99,46
90122C,269.1,54
90123A,214.07,36
90123B,154.69,26
90123C,160.75,27
90123D,172.39,29
90124A,299.28,30
90124B,391.18,39
90124C,220.20999999999998,22
90125A,97.57000000000001,65
90125B,79.57,44
90125C,40.150000000000006,20
90125D,182.94,88
90125E,44.19,18
90126A,37.14,20
90126B,8.48,3
90126C,42.1,21
90127A,19.92,14
90127B,2.5,2
90128A,46.21,31
90128B,23.759999999999998,18
90128C,25.04,17
90128D,21.24,13
90129A,295.38,151
90129B,259.15,122
90129C,243.38,107
90129D,161.57000000000002,67
90129E,263.14,129
90129F,183.26000000000002,81
90130A,82.51,28
90130B,188.09,64
90130C,73.62,25
90130D,38.31,13
90131,69.62,10
90132,35.63,7
90133,236.46,47
90134,370.92,126
90135,44.75,9
90135A,54.620000000000005,11
90136,40.47,4
90137,132.52,26
90138,125.64,24
90139,118.24000000000001,23
90140,67.9,9
90141A,104.95,20
90141B,64.94,13
90141C,83.69,16
90141D,36.33,7
90141E,50.06,10
90142A,25.45,5
90142B,5.09,1
90142C,5.09,1
90142D,54.59,11
90143,546.63,72
90144,199.45,53
90145,455.86,75
90146,261.49,39
90147,897.65,89
90148,331.23,26
90149,104.98,14
90150,97.5,13
90151,136.17000000000002,16
90152A,40.34,7
90152B,35.26,6
90152C,41.650000000000006,7
90154,62.64999999999999,7
90155,226.16,30
90156,137.37,25
90157,263.28000000000003,53
90158,386.32,77
90159,188.58,38
90160A,313.86,45
90160B,490.92,71
90160C,677.0,97
90160D,522.27,75
90161A,349.96000000000004,70
90161B,734.1600000000001,147
90161C,843.9100000000001,169
90161D,687.52,138
90162A,88.5,30
90162B,159.3,54
90162C,123.90000000000002,42
90162D,85.55000000000001,29
90163A,280.71,37
90163B,98.45,13
90164A,230.39,40
90164B,362.94,67
90165A,106.49,42
90165B,131.65,52
90166,164.69,39
90167,648.6899999999999,709
90168,106.06,36
90169,83.57,33
90170,229.78,138
90171,59.650000000000006,47
90173,302.89,80
90174,95.52,38
90175A,892.8499999999999,99
90175B,304.95,34
90175C,332.95,37
90175D,527.8199999999999,58
90176A,68.38,9
90176B,37.620000000000005,5
90176C,62.0,8
90176D,75.31,10
90176E,29.98,4
90177A,37.99,13
90177B,91.38000000000001,31
90177C,91.33,31
90177D,118.06,40
90177E,65.01,22
90178A,322.40999999999997,27
90178B,191.40999999999997,16
90179A,71.0,12
90179B,65.31,11
90179C,106.83000000000001,18
90180A,386.69,43
90180B,179.88,18
90181A,128.64,14
90181B,231.27,25
90181C,46.93,5
90182A,26.16,9
90182B,17.53,6
90182C,38.04,13
90183A,137.95000000000002,47
90183B,81.92999999999999,28
90183C,38.12,13
90183c,2.9,1
90184A,380.82,42
90184B,598.63,66
90184C,651.89,72
90184c,9.15,1
90185A,178.04,42
90185B,203.68,48
90185C,148.71,35
90185D,280.58,66
90186A,203.73000000000002,69
90186B,168.26000000000002,57
90187A,27.04,8
90187B,70.6,21
90188,58.5,23
90189A,82.64,11
90189B,22.5,3
90190A,129.59,44
90190B,132.58,45
90190C,161.82,55
90191,342.6,40
90192,459.28000000000003,92
90194,135.84,32
90195A,540.4499999999999,65
90195B,424.89,48
90196A,229.5,18
90196B,241.98,19
90197B,322.52000000000004,64
90197D,44.550000000000004,9
90198A,609.4300000000001,144
90198B,441.9,104
90199A,133.15,21
90199B,228.60999999999999,36
90199C,304.44,48
90199D,139.28,22
90200A,732.69,173
90200B,758.45,179
90200C,857.63,202
90200D,1269.51,300
90200E,715.97,169
90201A,371.04,126
90201B,415.96000000000004,141
90201C,333.24,113
90201D,391.37,133
90202A,73.2,25
90202B,52.79,18
90202C,73.76,25
90202D,123.79,42
90203,526.77,70
90204,155.06,46
90205A,63.46,38
90205C,70.11,42
90206A,79.60000000000001,16
90206C,402.61,80
90208,295.93,117
90209A,33.6,16
90209B,394.66,188
90209C,321.86,153
90210A,146.14000000000001,64
90210B,170.84000000000003,78
90210C,111.56,58
90210D,160.73000000000002,82
90211A,166.57000000000002,28
90211B,196.31,33
90212B,140.07,37
90212C,56.25,15
90214A,206.15,207
90214B,72.33,75
90214C,155.03,159
90214D,90.82,100
90214E,131.78,136
90214F,36.28,44
90214G,84.42999999999999,93
90214H,77.71,83
90214I,53.5,56
90214J,153.97,151
90214K,157.15,153
90214L,149.1,144
90214M,139.82,138
90214N,76.39999999999999,78
90214O,31.419999999999998,36
90214P,59.089999999999996,71
90214R,93.72999999999999,91
90214S,173.84,178
90214T,55.57,57
90214U,4.7299999999999995,13
90214V,28.98,38
90214W,10.17,19
90214Y,11.419999999999998,20
90214Z,21.49,31
ADJUST,6835.24,5
ADJUST2,731.0500000000001,3
AMAZONFEE,-221520.5,-30
B,11062.06,1
BANK CHARGES,-35482.248999999996,-42
C2,13136.0,261
CRUK,-7933.43,-16
D,-11874.91,-158
DCGS0003,32.589999999999996,13
DCGS0004,67.94,4
DCGS0037,12.72,1
DCGS0041,5.06,1
DCGS0044,2.57,1
DCGS0058,34.82,42
DCGS0062,2.51,1
DCGS0066N,17.3,2
DCGS0068,17.12,2
DCGS0069,80.31,5
DCGS0070,25.44,2
DCGS0072,20.68,4
DCGS0075,12.72,1
DCGS0076,275.96,17
DCGSSBOY,251.35,77
DCGSSGIRL,295.63,92
DOT,309844.1,1412
M,-84897.76000000001,1105
PADS,-36.583,16
POST,110505.61,5025
S,-5991.11,-95
SP1002,14.75,5
TEST001,202.5,45
TEST002,1.0,1
gift_0001_10,126.21,15
gift_0001_20,471.06,28
gift_0001_30,610.09,24
gift_0001_40,166.09,5
gift_0001_50,253.59,6
gift_0001_70,59.57,1
gift_0001_80,0.0,0
m,15.049999999999999,5
